INDEX,DATE,RATE
RPI,1948-06-01,0.097
RPI,1948-07-01,0.072
RPI,1948-08-01,0.079
RPI,1948-09-01,0.076
RPI,1948-10-01,0.07
RPI,1948-11-01,0.051
RPI,1948-12-01,0.049
RPI,1949-01-01,0.046
RPI,1949-02-01,0.029
RPI,1949-03-01,0.023
RPI,1949-04-01,0.006
RPI,1949-05-01,0.026
RPI,1949-06-01,0.013
RPI,1949-07-01,0.03
RPI,1949-08-01,0.031
RPI,1949-09-01,0.032
RPI,1949-10-01,0.036
RPI,1949-11-01,0.033
RPI,1949-12-01,0.035
RPI,1950-01-01,0.036
RPI,1950-02-01,0.037
RPI,1950-03-01,0.042
RPI,1950-04-01,0.049
RPI,1950-05-01,0.033
RPI,1950-06-01,0.023
RPI,1950-07-01,0.022
RPI,1950-08-01,0.017
RPI,1950-09-01,0.02
RPI,1950-10-01,0.025
RPI,1950-11-01,0.029
RPI,1950-12-01,0.032
RPI,1951-01-01,0.039
RPI,1951-02-01,0.046
RPI,1951-03-01,0.05
RPI,1951-04-01,0.063
RPI,1951-05-01,0.087
RPI,1951-06-01,0.096
RPI,1951-07-01,0.113
RPI,1951-08-01,0.122
RPI,1951-09-01,0.123
RPI,1951-10-01,0.119
RPI,1951-11-01,0.119
RPI,1951-12-01,0.12
RPI,1952-01-01,0.13
RPI,1952-02-01,0.12
RPI,1952-03-01,0.118
RPI,1952-04-01,0.118
RPI,1952-05-01,0.091
RPI,1952-06-01,0.106
RPI,1952-07-01,0.088
RPI,1952-08-01,0.076
RPI,1952-09-01,0.067
RPI,1952-10-01,0.069
RPI,1952-11-01,0.063
RPI,1952-12-01,0.064
RPI,1953-01-01,0.044
RPI,1953-02-01,0.046
RPI,1953-03-01,0.048
RPI,1953-04-01,0.041
RPI,1953-05-01,0.037
RPI,1953-06-01,0.026
RPI,1953-07-01,0.027
RPI,1953-08-01,0.026
RPI,1953-09-01,0.026
RPI,1953-10-01,0.017
RPI,1953-11-01,0.021
RPI,1953-12-01,0.011
RPI,1954-01-01,0.013
RPI,1954-02-01,0.009
RPI,1954-03-01,0.011
RPI,1954-04-01,0.006
RPI,1954-05-01,0.007
RPI,1954-06-01,0.007
RPI,1954-07-01,0.023
RPI,1954-08-01,0.024
RPI,1954-09-01,0.024
RPI,1954-10-01,0.028
RPI,1954-11-01,0.03
RPI,1954-12-01,0.04
RPI,1955-01-01,0.042
RPI,1955-02-01,0.044
RPI,1955-03-01,0.034
RPI,1955-04-01,0.036
RPI,1955-05-01,0.037
RPI,1955-06-01,0.052
RPI,1955-07-01,0.038
RPI,1955-08-01,0.038
RPI,1955-09-01,0.046
RPI,1955-10-01,0.052
RPI,1955-11-01,0.064
RPI,1955-12-01,0.058
RPI,1956-01-01,0.051
RPI,1956-02-01,0.051
RPI,1956-03-01,0.064
RPI,1956-04-01,0.073
RPI,1956-05-01,0.073
RPI,1956-06-01,0.05
RPI,1956-07-01,0.043
RPI,1956-08-01,0.052
RPI,1956-09-01,0.044
RPI,1956-10-01,0.039
RPI,1956-11-01,0.027
RPI,1956-12-01,0.03
RPI,1957-01-01,0.044
RPI,1957-02-01,0.043
RPI,1957-03-01,0.028
RPI,1957-04-01,0.018
RPI,1957-05-01,0.02
RPI,1957-06-01,0.032
RPI,1957-07-01,0.045
RPI,1957-08-01,0.04
RPI,1957-09-01,0.039
RPI,1957-10-01,0.043
RPI,1957-11-01,0.045
RPI,1957-12-01,0.046
RPI,1958-01-01,0.035
RPI,1958-02-01,0.032
RPI,1958-03-01,0.041
RPI,1958-04-01,0.049
RPI,1958-05-01,0.044
RPI,1958-06-01,0.043
RPI,1958-07-01,0.018
RPI,1958-08-01,0.018
RPI,1958-09-01,0.022
RPI,1958-10-01,0.021
RPI,1958-11-01,0.019
RPI,1958-12-01,0.018
RPI,1959-01-01,0.021
RPI,1959-02-01,0.025
RPI,1959-03-01,0.018
RPI,1959-04-01,-0.001
RPI,1959-05-01,-0.001
RPI,1959-06-01,-0.008
RPI,1959-07-01,0.005
RPI,1959-08-01,0.009
RPI,1959-09-01,0.003
RPI,1959-10-01,-0.002
RPI,1959-11-01,0.002
RPI,1959-12-01,0
RPI,1960-01-01,-0.005
RPI,1960-02-01,-0.004
RPI,1960-03-01,-0.005
RPI,1960-04-01,0.007
RPI,1960-05-01,0.011
RPI,1960-06-01,0.015
RPI,1960-07-01,0.019
RPI,1960-08-01,0.01
RPI,1960-09-01,0.017
RPI,1960-10-01,0.02
RPI,1960-11-01,0.017
RPI,1960-12-01,0.018
RPI,1961-01-01,0.022
RPI,1961-02-01,0.022
RPI,1961-03-01,0.027
RPI,1961-04-01,0.027
RPI,1961-05-01,0.03
RPI,1961-06-01,0.033
RPI,1961-07-01,0.032
RPI,1961-08-01,0.048
RPI,1961-09-01,0.045
RPI,1961-10-01,0.039
RPI,1961-11-01,0.045
RPI,1961-12-01,0.044
RPI,1962-01-01,0.046
RPI,1962-02-01,0.047
RPI,1962-03-01,0.048
RPI,1962-04-01,0.056
RPI,1962-05-01,0.057
RPI,1962-06-01,0.055
RPI,1962-07-01,0.051
RPI,1962-08-01,0.032
RPI,1962-09-01,0.033
RPI,1962-10-01,0.029
RPI,1962-11-01,0.023
RPI,1962-12-01,0.026
RPI,1963-01-01,0.027
RPI,1963-02-01,0.035
RPI,1963-03-01,0.032
RPI,1963-04-01,0.021
RPI,1963-05-01,0.017
RPI,1963-06-01,0.01
RPI,1963-07-01,0.008
RPI,1963-08-01,0.014
RPI,1963-09-01,0.018
RPI,1963-10-01,0.023
RPI,1963-11-01,0.022
RPI,1963-12-01,0.019
RPI,1964-01-01,0.019
RPI,1964-02-01,0.012
RPI,1964-03-01,0.014
RPI,1964-04-01,0.02
RPI,1964-05-01,0.03
RPI,1964-06-01,0.034
RPI,1964-07-01,0.04
RPI,1964-08-01,0.047
RPI,1964-09-01,0.044
RPI,1964-10-01,0.041
RPI,1964-11-01,0.046
RPI,1964-12-01,0.048
RPI,1965-01-01,0.046
RPI,1965-02-01,0.045
RPI,1965-03-01,0.045
RPI,1965-04-01,0.056
RPI,1965-05-01,0.05
RPI,1965-06-01,0.049
RPI,1965-07-01,0.049
RPI,1965-08-01,0.047
RPI,1965-09-01,0.048
RPI,1965-10-01,0.048
RPI,1965-11-01,0.044
RPI,1965-12-01,0.045
RPI,1966-01-01,0.044
RPI,1966-02-01,0.045
RPI,1966-03-01,0.043
RPI,1966-04-01,0.036
RPI,1966-05-01,0.039
RPI,1966-06-01,0.039
RPI,1966-07-01,0.035
RPI,1966-08-01,0.039
RPI,1966-09-01,0.036
RPI,1966-10-01,0.038
RPI,1966-11-01,0.04
RPI,1966-12-01,0.037
RPI,1967-01-01,0.037
RPI,1967-02-01,0.037
RPI,1967-03-01,0.035
RPI,1967-04-01,0.03
RPI,1967-05-01,0.022
RPI,1967-06-01,0.024
RPI,1967-07-01,0.022
RPI,1967-08-01,0.014
RPI,1967-09-01,0.015
RPI,1967-10-01,0.02
RPI,1967-11-01,0.019
RPI,1967-12-01,0.025
RPI,1968-01-01,0.026
RPI,1968-02-01,0.03
RPI,1968-03-01,0.034
RPI,1968-04-01,0.044
RPI,1968-05-01,0.046
RPI,1968-06-01,0.046
RPI,1968-07-01,0.053
RPI,1968-08-01,0.057
RPI,1968-09-01,0.059
RPI,1968-10-01,0.056
RPI,1968-11-01,0.052
RPI,1968-12-01,0.059
RPI,1969-01-01,0.062
RPI,1969-02-01,0.062
RPI,1969-03-01,0.063
RPI,1969-04-01,0.055
RPI,1969-05-01,0.053
RPI,1969-06-01,0.053
RPI,1969-07-01,0.053
RPI,1969-08-01,0.049
RPI,1969-09-01,0.051
RPI,1969-10-01,0.054
RPI,1969-11-01,0.054
RPI,1969-12-01,0.047
RPI,1970-01-01,0.05
RPI,1970-02-01,0.049
RPI,1970-03-01,0.051
RPI,1970-04-01,0.056
RPI,1970-05-01,0.061
RPI,1970-06-01,0.059
RPI,1970-07-01,0.067
RPI,1970-08-01,0.068
RPI,1970-09-01,0.07
RPI,1970-10-01,0.074
RPI,1970-11-01,0.079
RPI,1970-12-01,0.079
RPI,1971-01-01,0.085
RPI,1971-02-01,0.085
RPI,1971-03-01,0.088
RPI,1971-04-01,0.094
RPI,1971-05-01,0.098
RPI,1971-06-01,0.103
RPI,1971-07-01,0.101
RPI,1971-08-01,0.103
RPI,1971-09-01,0.099
RPI,1971-10-01,0.094
RPI,1971-11-01,0.092
RPI,1971-12-01,0.09
RPI,1972-01-01,0.082
RPI,1972-02-01,0.081
RPI,1972-03-01,0.076
RPI,1972-04-01,0.063
RPI,1972-05-01,0.061
RPI,1972-06-01,0.061
RPI,1972-07-01,0.058
RPI,1972-08-01,0.066
RPI,1972-09-01,0.07
RPI,1972-10-01,0.079
RPI,1972-11-01,0.076
RPI,1972-12-01,0.077
RPI,1973-01-01,0.077
RPI,1973-02-01,0.079
RPI,1973-03-01,0.082
RPI,1973-04-01,0.092
RPI,1973-05-01,0.095
RPI,1973-06-01,0.093
RPI,1973-07-01,0.094
RPI,1973-08-01,0.089
RPI,1973-09-01,0.093
RPI,1973-10-01,0.099
RPI,1973-11-01,0.103
RPI,1973-12-01,0.106
RPI,1974-01-01,0.12
RPI,1974-02-01,0.132
RPI,1974-03-01,0.135
RPI,1974-04-01,0.152
RPI,1974-05-01,0.16
RPI,1974-06-01,0.165
RPI,1974-07-01,0.171
RPI,1974-08-01,0.169
RPI,1974-09-01,0.171
RPI,1974-10-01,0.171
RPI,1974-11-01,0.183
RPI,1974-12-01,0.191
RPI,1975-01-01,0.199
RPI,1975-02-01,0.199
RPI,1975-03-01,0.212
RPI,1975-04-01,0.217
RPI,1975-05-01,0.25
RPI,1975-06-01,0.261
RPI,1975-07-01,0.263
RPI,1975-08-01,0.269
RPI,1975-09-01,0.266
RPI,1975-10-01,0.259
RPI,1975-11-01,0.252
RPI,1975-12-01,0.249
RPI,1976-01-01,0.234
RPI,1976-02-01,0.229
RPI,1976-03-01,0.212
RPI,1976-04-01,0.189
RPI,1976-05-01,0.154
RPI,1976-06-01,0.138
RPI,1976-07-01,0.129
RPI,1976-08-01,0.138
RPI,1976-09-01,0.143
RPI,1976-10-01,0.147
RPI,1976-11-01,0.15
RPI,1976-12-01,0.151
RPI,1977-01-01,0.166
RPI,1977-02-01,0.162
RPI,1977-03-01,0.167
RPI,1977-04-01,0.175
RPI,1977-05-01,0.171
RPI,1977-06-01,0.177
RPI,1977-07-01,0.176
RPI,1977-08-01,0.165
RPI,1977-09-01,0.156
RPI,1977-10-01,0.141
RPI,1977-11-01,0.13
RPI,1977-12-01,0.121
RPI,1978-01-01,0.099
RPI,1978-02-01,0.095
RPI,1978-03-01,0.091
RPI,1978-04-01,0.079
RPI,1978-05-01,0.077
RPI,1978-06-01,0.074
RPI,1978-07-01,0.078
RPI,1978-08-01,0.08
RPI,1978-09-01,0.078
RPI,1978-10-01,0.078
RPI,1978-11-01,0.081
RPI,1978-12-01,0.084
RPI,1979-01-01,0.093
RPI,1979-02-01,0.096
RPI,1979-03-01,0.098
RPI,1979-04-01,0.101
RPI,1979-05-01,0.103
RPI,1979-06-01,0.114
RPI,1979-07-01,0.156
RPI,1979-08-01,0.158
RPI,1979-09-01,0.165
RPI,1979-10-01,0.172
RPI,1979-11-01,0.174
RPI,1979-12-01,0.172
RPI,1980-01-01,0.184
RPI,1980-02-01,0.191
RPI,1980-03-01,0.198
RPI,1980-04-01,0.218
RPI,1980-05-01,0.219
RPI,1980-06-01,0.21
RPI,1980-07-01,0.169
RPI,1980-08-01,0.163
RPI,1980-09-01,0.159
RPI,1980-10-01,0.154
RPI,1980-11-01,0.153
RPI,1980-12-01,0.151
RPI,1981-01-01,0.13
RPI,1981-02-01,0.125
RPI,1981-03-01,0.126
RPI,1981-04-01,0.12
RPI,1981-05-01,0.117
RPI,1981-06-01,0.113
RPI,1981-07-01,0.109
RPI,1981-08-01,0.115
RPI,1981-09-01,0.114
RPI,1981-10-01,0.117
RPI,1981-11-01,0.12
RPI,1981-12-01,0.12
RPI,1982-01-01,0.12
RPI,1982-02-01,0.11
RPI,1982-03-01,0.104
RPI,1982-04-01,0.094
RPI,1982-05-01,0.095
RPI,1982-06-01,0.092
RPI,1982-07-01,0.087
RPI,1982-08-01,0.08
RPI,1982-09-01,0.073
RPI,1982-10-01,0.068
RPI,1982-11-01,0.063
RPI,1982-12-01,0.054
RPI,1983-01-01,0.049
RPI,1983-02-01,0.053
RPI,1983-03-01,0.046
RPI,1983-04-01,0.04
RPI,1983-05-01,0.037
RPI,1983-06-01,0.037
RPI,1983-07-01,0.042
RPI,1983-08-01,0.046
RPI,1983-09-01,0.051
RPI,1983-10-01,0.05
RPI,1983-11-01,0.048
RPI,1983-12-01,0.053
RPI,1984-01-01,0.051
RPI,1984-02-01,0.051
RPI,1984-03-01,0.052
RPI,1984-04-01,0.052
RPI,1984-05-01,0.051
RPI,1984-06-01,0.051
RPI,1984-07-01,0.045
RPI,1984-08-01,0.05
RPI,1984-09-01,0.047
RPI,1984-10-01,0.05
RPI,1984-11-01,0.049
RPI,1984-12-01,0.046
RPI,1985-01-01,0.05
RPI,1985-02-01,0.054
RPI,1985-03-01,0.061
RPI,1985-04-01,0.069
RPI,1985-05-01,0.07
RPI,1985-06-01,0.07
RPI,1985-07-01,0.069
RPI,1985-08-01,0.062
RPI,1985-09-01,0.059
RPI,1985-10-01,0.054
RPI,1985-11-01,0.055
RPI,1985-12-01,0.057
RPI,1986-01-01,0.055
RPI,1986-02-01,0.051
RPI,1986-03-01,0.042
RPI,1986-04-01,0.03
RPI,1986-05-01,0.028
RPI,1986-06-01,0.025
RPI,1986-07-01,0.024
RPI,1986-08-01,0.024
RPI,1986-09-01,0.03
RPI,1986-10-01,0.03
RPI,1986-11-01,0.035
RPI,1986-12-01,0.037
RPI,1987-01-01,0.039
RPI,1987-02-01,0.039
RPI,1987-03-01,0.04
RPI,1987-04-01,0.042
RPI,1987-05-01,0.041
RPI,1987-06-01,0.042
RPI,1987-07-01,0.044
RPI,1987-08-01,0.044
RPI,1987-09-01,0.042
RPI,1987-10-01,0.045
RPI,1987-11-01,0.041
RPI,1987-12-01,0.037
RPI,1988-01-01,0.033
RPI,1988-02-01,0.033
RPI,1988-03-01,0.035
RPI,1988-04-01,0.039
RPI,1988-05-01,0.042
RPI,1988-06-01,0.046
RPI,1988-07-01,0.048
RPI,1988-08-01,0.057
RPI,1988-09-01,0.059
RPI,1988-10-01,0.064
RPI,1988-11-01,0.064
RPI,1988-12-01,0.068
RPI,1989-01-01,0.075
RPI,1989-02-01,0.078
RPI,1989-03-01,0.079
RPI,1989-04-01,0.08
RPI,1989-05-01,0.083
RPI,1989-06-01,0.083
RPI,1989-07-01,0.082
RPI,1989-08-01,0.073
RPI,1989-09-01,0.076
RPI,1989-10-01,0.073
RPI,1989-11-01,0.077
RPI,1989-12-01,0.077
RPI,1990-01-01,0.077
RPI,1990-02-01,0.075
RPI,1990-03-01,0.081
RPI,1990-04-01,0.094
RPI,1990-05-01,0.097
RPI,1990-06-01,0.098
RPI,1990-07-01,0.098
RPI,1990-08-01,0.106
RPI,1990-09-01,0.109
RPI,1990-10-01,0.109
RPI,1990-11-01,0.097
RPI,1990-12-01,0.093
RPI,1991-01-01,0.09
RPI,1991-02-01,0.089
RPI,1991-03-01,0.082
RPI,1991-04-01,0.064
RPI,1991-05-01,0.058
RPI,1991-06-01,0.058
RPI,1991-07-01,0.055
RPI,1991-08-01,0.047
RPI,1991-09-01,0.041
RPI,1991-10-01,0.037
RPI,1991-11-01,0.043
RPI,1991-12-01,0.045
RPI,1992-01-01,0.041
RPI,1992-02-01,0.041
RPI,1992-03-01,0.04
RPI,1992-04-01,0.043
RPI,1992-05-01,0.043
RPI,1992-06-01,0.039
RPI,1992-07-01,0.037
RPI,1992-08-01,0.036
RPI,1992-09-01,0.036
RPI,1992-10-01,0.036
RPI,1992-11-01,0.03
RPI,1992-12-01,0.026
RPI,1993-01-01,0.017
RPI,1993-02-01,0.018
RPI,1993-03-01,0.019
RPI,1993-04-01,0.013
RPI,1993-05-01,0.013
RPI,1993-06-01,0.012
RPI,1993-07-01,0.014
RPI,1993-08-01,0.017
RPI,1993-09-01,0.018
RPI,1993-10-01,0.014
RPI,1993-11-01,0.014
RPI,1993-12-01,0.019
RPI,1994-01-01,0.025
RPI,1994-02-01,0.024
RPI,1994-03-01,0.023
RPI,1994-04-01,0.026
RPI,1994-05-01,0.026
RPI,1994-06-01,0.026
RPI,1994-07-01,0.023
RPI,1994-08-01,0.024
RPI,1994-09-01,0.022
RPI,1994-10-01,0.024
RPI,1994-11-01,0.026
RPI,1994-12-01,0.029
RPI,1995-01-01,0.033
RPI,1995-02-01,0.034
RPI,1995-03-01,0.035
RPI,1995-04-01,0.033
RPI,1995-05-01,0.034
RPI,1995-06-01,0.035
RPI,1995-07-01,0.035
RPI,1995-08-01,0.036
RPI,1995-09-01,0.039
RPI,1995-10-01,0.032
RPI,1995-11-01,0.031
RPI,1995-12-01,0.032
RPI,1996-01-01,0.029
RPI,1996-02-01,0.027
RPI,1996-03-01,0.027
RPI,1996-04-01,0.024
RPI,1996-05-01,0.022
RPI,1996-06-01,0.021
RPI,1996-07-01,0.022
RPI,1996-08-01,0.021
RPI,1996-09-01,0.021
RPI,1996-10-01,0.027
RPI,1996-11-01,0.027
RPI,1996-12-01,0.025
RPI,1997-01-01,0.028
RPI,1997-02-01,0.027
RPI,1997-03-01,0.026
RPI,1997-04-01,0.024
RPI,1997-05-01,0.026
RPI,1997-06-01,0.029
RPI,1997-07-01,0.033
RPI,1997-08-01,0.035
RPI,1997-09-01,0.036
RPI,1997-10-01,0.037
RPI,1997-11-01,0.037
RPI,1997-12-01,0.036
RPI,1998-01-01,0.033
RPI,1998-02-01,0.034
RPI,1998-03-01,0.035
RPI,1998-04-01,0.04
RPI,1998-05-01,0.042
RPI,1998-06-01,0.037
RPI,1998-07-01,0.035
RPI,1998-08-01,0.033
RPI,1998-09-01,0.032
RPI,1998-10-01,0.031
RPI,1998-11-01,0.03
RPI,1998-12-01,0.028
RPI,1999-01-01,0.024
RPI,1999-02-01,0.021
RPI,1999-03-01,0.021
RPI,1999-04-01,0.016
RPI,1999-05-01,0.013
RPI,1999-06-01,0.013
RPI,1999-07-01,0.013
RPI,1999-08-01,0.011
RPI,1999-09-01,0.011
RPI,1999-10-01,0.012
RPI,1999-11-01,0.014
RPI,1999-12-01,0.018
RPI,2000-01-01,0.02
RPI,2000-02-01,0.023
RPI,2000-03-01,0.026
RPI,2000-04-01,0.03
RPI,2000-05-01,0.031
RPI,2000-06-01,0.033
RPI,2000-07-01,0.033
RPI,2000-08-01,0.03
RPI,2000-09-01,0.033
RPI,2000-10-01,0.031
RPI,2000-11-01,0.032
RPI,2000-12-01,0.029
RPI,2001-01-01,0.027
RPI,2001-02-01,0.027
RPI,2001-03-01,0.023
RPI,2001-04-01,0.018
RPI,2001-05-01,0.021
RPI,2001-06-01,0.019
RPI,2001-07-01,0.016
RPI,2001-08-01,0.021
RPI,2001-09-01,0.017
RPI,2001-10-01,0.016
RPI,2001-11-01,0.009
RPI,2001-12-01,0.007
RPI,2002-01-01,0.013
RPI,2002-02-01,0.01
RPI,2002-03-01,0.013
RPI,2002-04-01,0.015
RPI,2002-05-01,0.011
RPI,2002-06-01,0.01
RPI,2002-07-01,0.015
RPI,2002-08-01,0.014
RPI,2002-09-01,0.017
RPI,2002-10-01,0.021
RPI,2002-11-01,0.026
RPI,2002-12-01,0.029
RPI,2003-01-01,0.029
RPI,2003-02-01,0.032
RPI,2003-03-01,0.031
RPI,2003-04-01,0.031
RPI,2003-05-01,0.03
RPI,2003-06-01,0.029
RPI,2003-07-01,0.031
RPI,2003-08-01,0.029
RPI,2003-09-01,0.028
RPI,2003-10-01,0.026
RPI,2003-11-01,0.025
RPI,2003-12-01,0.028
RPI,2004-01-01,0.026
RPI,2004-02-01,0.025
RPI,2004-03-01,0.026
RPI,2004-04-01,0.025
RPI,2004-05-01,0.028
RPI,2004-06-01,0.03
RPI,2004-07-01,0.03
RPI,2004-08-01,0.032
RPI,2004-09-01,0.031
RPI,2004-10-01,0.033
RPI,2004-11-01,0.034
RPI,2004-12-01,0.035
RPI,2005-01-01,0.032
RPI,2005-02-01,0.032
RPI,2005-03-01,0.032
RPI,2005-04-01,0.032
RPI,2005-05-01,0.029
RPI,2005-06-01,0.029
RPI,2005-07-01,0.029
RPI,2005-08-01,0.028
RPI,2005-09-01,0.027
RPI,2005-10-01,0.025
RPI,2005-11-01,0.024
RPI,2005-12-01,0.022
RPI,2006-01-01,0.024
RPI,2006-02-01,0.024
RPI,2006-03-01,0.024
RPI,2006-04-01,0.026
RPI,2006-05-01,0.03
RPI,2006-06-01,0.033
RPI,2006-07-01,0.033
RPI,2006-08-01,0.034
RPI,2006-09-01,0.036
RPI,2006-10-01,0.037
RPI,2006-11-01,0.039
RPI,2006-12-01,0.044
RPI,2007-01-01,0.042
RPI,2007-02-01,0.046
RPI,2007-03-01,0.048
RPI,2007-04-01,0.045
RPI,2007-05-01,0.043
RPI,2007-06-01,0.044
RPI,2007-07-01,0.038
RPI,2007-08-01,0.041
RPI,2007-09-01,0.039
RPI,2007-10-01,0.042
RPI,2007-11-01,0.043
RPI,2007-12-01,0.04
RPI,2008-01-01,0.041
RPI,2008-02-01,0.041
RPI,2008-03-01,0.038
RPI,2008-04-01,0.042
RPI,2008-05-01,0.043
RPI,2008-06-01,0.046
RPI,2008-07-01,0.05
RPI,2008-08-01,0.048
RPI,2008-09-01,0.05
RPI,2008-10-01,0.042
RPI,2008-11-01,0.03
RPI,2008-12-01,0.009
RPI,2009-01-01,0.001
RPI,2009-02-01,0
RPI,2009-03-01,-0.004
RPI,2009-04-01,-0.012
RPI,2009-05-01,-0.011
RPI,2009-06-01,-0.016
RPI,2009-07-01,-0.014
RPI,2009-08-01,-0.013
RPI,2009-09-01,-0.014
RPI,2009-10-01,-0.008
RPI,2009-11-01,0.003
RPI,2009-12-01,0.024
RPI,2010-01-01,0.037
RPI,2010-02-01,0.037
RPI,2010-03-01,0.044
RPI,2010-04-01,0.053
RPI,2010-05-01,0.051
RPI,2010-06-01,0.05
RPI,2010-07-01,0.048
RPI,2010-08-01,0.047
RPI,2010-09-01,0.046
RPI,2010-10-01,0.045
RPI,2010-11-01,0.047
RPI,2010-12-01,0.048
RPI,2011-01-01,0.051
RPI,2011-02-01,0.055
RPI,2011-03-01,0.053
RPI,2011-04-01,0.052
RPI,2011-05-01,0.052
RPI,2011-06-01,0.05
RPI,2011-07-01,0.05
RPI,2011-08-01,0.052
RPI,2011-09-01,0.056
RPI,2011-10-01,0.054
RPI,2011-11-01,0.052
RPI,2011-12-01,0.048
RPI,2012-01-01,0.039
RPI,2012-02-01,0.037
RPI,2012-03-01,0.036
RPI,2012-04-01,0.035
RPI,2012-05-01,0.031
RPI,2012-06-01,0.028
RPI,2012-07-01,0.032
RPI,2012-08-01,0.029
RPI,2012-09-01,0.026
RPI,2012-10-01,0.032
RPI,2012-11-01,0.03
RPI,2012-12-01,0.031
RPI,2013-01-01,0.033
RPI,2013-02-01,0.032
RPI,2013-03-01,0.033
RPI,2013-04-01,0.029
RPI,2013-05-01,0.031
RPI,2013-06-01,0.033
RPI,2013-07-01,0.031
RPI,2013-08-01,0.033
RPI,2013-09-01,0.032
RPI,2013-10-01,0.026
RPI,2013-11-01,0.026
RPI,2013-12-01,0.027
RPI,2014-01-01,0.028
RPI,2014-02-01,0.027
RPI,2014-03-01,0.025
RPI,2014-04-01,0.025
RPI,2014-05-01,0.024
RPI,2014-06-01,0.026
RPI,2014-07-01,0.025
RPI,2014-08-01,0.024
RPI,2014-09-01,0.023
RPI,2014-10-01,0.023
RPI,2014-11-01,0.02
RPI,2014-12-01,0.016
RPI,2015-01-01,0.011
RPI,2015-02-01,0.01
RPI,2015-03-01,0.009
RPI,2015-04-01,0.009
RPI,2015-05-01,0.01
RPI,2015-06-01,0.01
RPI,2015-07-01,0.01
RPI,2015-08-01,0.011
RPI,2015-09-01,0.008
RPI,2015-10-01,0.007
RPI,2015-11-01,0.011
RPI,2015-12-01,0.012
RPI,2016-01-01,0.013
RPI,2016-02-01,0.013
RPI,2016-03-01,0.016
RPI,2016-04-01,0.013
RPI,2016-05-01,0.014
RPI,2016-06-01,0.016
RPI,2016-07-01,0.019
RPI,2016-08-01,0.018
RPI,2016-09-01,0.02
RPI,2016-10-01,0.02
RPI,2016-11-01,0.022
RPI,2016-12-01,0.025
RPI,2017-01-01,0.026
RPI,2017-02-01,0.032
RPI,2017-03-01,0.031
RPI,2017-04-01,0.035
RPI,2017-05-01,0.037
RPI,2017-06-01,0.035
RPI,2017-07-01,0.036
RPI,2017-08-01,0.039
RPI,2017-09-01,0.039
RPI,2017-10-01,0.04
RPI,2017-11-01,0.039
RPI,2017-12-01,0.041
RPI,2018-01-01,0.04
RPI,2018-02-01,0.036
RPI,2018-03-01,0.033
RPI,2018-04-01,0.034
RPI,2018-05-01,0.033
RPI,2018-06-01,0.034
RPI,2018-07-01,0.032
RPI,2018-08-01,0.035
RPI,2018-09-01,0.033
RPI,2018-10-01,0.033
RPI,2018-11-01,0.032
RPI,2018-12-01,0.027
RPI,2019-01-01,0.025
RPI,2019-02-01,0.025
RPI,2019-03-01,0.024
RPI,2019-04-01,0.03
RPI,2019-05-01,0.03
RPI,2019-06-01,0.029
RPI,2019-07-01,0.028
RPI,2019-08-01,0.026
RPI,2019-09-01,0.024
RPI,2019-10-01,0.021
RPI,2019-11-01,0.022
RPI,2019-12-01,0.022
RPI,2020-01-01,0.027
RPI,2020-02-01,0.025
RPI,2020-03-01,0.026
RPI,2020-04-01,0.015
RPI,2020-05-01,0.01
RPI,2020-06-01,0.011
RPI,2020-07-01,0.016
RPI,2020-08-01,0.005
RPI,2020-09-01,0.011
RPI,2020-10-01,0.013
RPI,2020-11-01,0.009
RPI,2020-12-01,0.012
RPI,2021-01-01,0.014
RPI,2021-02-01,0.014
RPI,2021-03-01,0.015
RPI,2021-04-01,0.029
RPI,2021-05-01,0.033
RPI,2021-06-01,0.039
RPI,2021-07-01,0.038
RPI,2021-08-01,0.048
RPI,2021-09-01,0.049
RPI,2021-10-01,0.06
RPI,2021-11-01,0.071
RPI,2021-12-01,0.075
RPI,2022-01-01,0.078
RPI,2022-02-01,0.082
RPI,2022-03-01,0.09
RPI,2022-04-01,0.111
RPI,2022-05-01,0.117
RPI,2022-06-01,0.118
RPI,2022-07-01,0.123
RPI,2022-08-01,0.123
RPI,2022-09-01,0.126
RPI,2022-10-01,0.142
RPI,2022-11-01,0.14
RPI,2022-12-01,0.134
RPI,2023-01-01,0.134
RPI,2023-02-01,0.138
RPI,2023-03-01,0.135
RPI,2023-04-01,0.114
RPI,2023-05-01,0.113
RPI,2023-06-01,0.107
RPI,2023-07-01,0.09
RPI,2023-08-01,0.091
RPI,2023-09-01,0.089
RPI,2023-10-01,0.061
RPI,2023-11-01,0.053
RPI,2023-12-01,0.052
RPI,2024-01-01,0.049
RPI,2024-02-01,0.045
RPI,2024-03-01,0.043
RPI,2024-04-01,0.033
RPI,2024-05-01,0.03
RPI,2024-06-01,0.029
CPI,1989-01-01,0.049
CPI,1989-02-01,0.05
CPI,1989-03-01,0.05
CPI,1989-04-01,0.053
CPI,1989-05-01,0.053
CPI,1989-06-01,0.052
CPI,1989-07-01,0.052
CPI,1989-08-01,0.05
CPI,1989-09-01,0.052
CPI,1989-10-01,0.055
CPI,1989-11-01,0.055
CPI,1989-12-01,0.055
CPI,1990-01-01,0.057
CPI,1990-02-01,0.059
CPI,1990-03-01,0.06
CPI,1990-04-01,0.064
CPI,1990-05-01,0.068
CPI,1990-06-01,0.069
CPI,1990-07-01,0.068
CPI,1990-08-01,0.077
CPI,1990-09-01,0.081
CPI,1990-10-01,0.081
CPI,1990-11-01,0.078
CPI,1990-12-01,0.076
CPI,1991-01-01,0.071
CPI,1991-02-01,0.07
CPI,1991-03-01,0.069
CPI,1991-04-01,0.084
CPI,1991-05-01,0.082
CPI,1991-06-01,0.084
CPI,1991-07-01,0.083
CPI,1991-08-01,0.079
CPI,1991-09-01,0.071
CPI,1991-10-01,0.068
CPI,1991-11-01,0.071
CPI,1991-12-01,0.072
CPI,1992-01-01,0.07
CPI,1992-02-01,0.069
CPI,1992-03-01,0.071
CPI,1992-04-01,0.047
CPI,1992-05-01,0.043
CPI,1992-06-01,0.038
CPI,1992-07-01,0.036
CPI,1992-08-01,0.03
CPI,1992-09-01,0.03
CPI,1992-10-01,0.029
CPI,1992-11-01,0.026
CPI,1992-12-01,0.026
CPI,1993-01-01,0.022
CPI,1993-02-01,0.024
CPI,1993-03-01,0.025
CPI,1993-04-01,0.025
CPI,1993-05-01,0.025
CPI,1993-06-01,0.024
CPI,1993-07-01,0.026
CPI,1993-08-01,0.029
CPI,1993-09-01,0.031
CPI,1993-10-01,0.026
CPI,1993-11-01,0.023
CPI,1993-12-01,0.024
CPI,1994-01-01,0.027
CPI,1994-02-01,0.025
CPI,1994-03-01,0.022
CPI,1994-04-01,0.02
CPI,1994-05-01,0.02
CPI,1994-06-01,0.02
CPI,1994-07-01,0.017
CPI,1994-08-01,0.019
CPI,1994-09-01,0.015
CPI,1994-10-01,0.015
CPI,1994-11-01,0.018
CPI,1994-12-01,0.02
CPI,1995-01-01,0.024
CPI,1995-02-01,0.024
CPI,1995-03-01,0.026
CPI,1995-04-01,0.023
CPI,1995-05-01,0.025
CPI,1995-06-01,0.026
CPI,1995-07-01,0.027
CPI,1995-08-01,0.026
CPI,1995-09-01,0.03
CPI,1995-10-01,0.029
CPI,1995-11-01,0.028
CPI,1995-12-01,0.03
CPI,1996-01-01,0.026
CPI,1996-02-01,0.027
CPI,1996-03-01,0.026
CPI,1996-04-01,0.025
CPI,1996-05-01,0.023
CPI,1996-06-01,0.023
CPI,1996-07-01,0.022
CPI,1996-08-01,0.023
CPI,1996-09-01,0.023
CPI,1996-10-01,0.025
CPI,1996-11-01,0.026
CPI,1996-12-01,0.023
CPI,1997-01-01,0.021
CPI,1997-02-01,0.019
CPI,1997-03-01,0.017
CPI,1997-04-01,0.016
CPI,1997-05-01,0.016
CPI,1997-06-01,0.017
CPI,1997-07-01,0.02
CPI,1997-08-01,0.02
CPI,1997-09-01,0.018
CPI,1997-10-01,0.019
CPI,1997-11-01,0.019
CPI,1997-12-01,0.017
CPI,1998-01-01,0.015
CPI,1998-02-01,0.016
CPI,1998-03-01,0.017
CPI,1998-04-01,0.018
CPI,1998-05-01,0.02
CPI,1998-06-01,0.017
CPI,1998-07-01,0.014
CPI,1998-08-01,0.013
CPI,1998-09-01,0.014
CPI,1998-10-01,0.014
CPI,1998-11-01,0.014
CPI,1998-12-01,0.016
CPI,1999-01-01,0.016
CPI,1999-02-01,0.014
CPI,1999-03-01,0.017
CPI,1999-04-01,0.015
CPI,1999-05-01,0.013
CPI,1999-06-01,0.013
CPI,1999-07-01,0.013
CPI,1999-08-01,0.012
CPI,1999-09-01,0.012
CPI,1999-10-01,0.011
CPI,1999-11-01,0.012
CPI,1999-12-01,0.011
CPI,2000-01-01,0.008
CPI,2000-02-01,0.009
CPI,2000-03-01,0.006
CPI,2000-04-01,0.006
CPI,2000-05-01,0.005
CPI,2000-06-01,0.008
CPI,2000-07-01,0.009
CPI,2000-08-01,0.006
CPI,2000-09-01,0.01
CPI,2000-10-01,0.01
CPI,2000-11-01,0.011
CPI,2000-12-01,0.008
CPI,2001-01-01,0.009
CPI,2001-02-01,0.008
CPI,2001-03-01,0.009
CPI,2001-04-01,0.012
CPI,2001-05-01,0.017
CPI,2001-06-01,0.017
CPI,2001-07-01,0.014
CPI,2001-08-01,0.018
CPI,2001-09-01,0.013
CPI,2001-10-01,0.012
CPI,2001-11-01,0.008
CPI,2001-12-01,0.011
CPI,2002-01-01,0.016
CPI,2002-02-01,0.015
CPI,2002-03-01,0.015
CPI,2002-04-01,0.014
CPI,2002-05-01,0.008
CPI,2002-06-01,0.006
CPI,2002-07-01,0.011
CPI,2002-08-01,0.01
CPI,2002-09-01,0.01
CPI,2002-10-01,0.014
CPI,2002-11-01,0.015
CPI,2002-12-01,0.017
CPI,2003-01-01,0.013
CPI,2003-02-01,0.016
CPI,2003-03-01,0.015
CPI,2003-04-01,0.014
CPI,2003-05-01,0.013
CPI,2003-06-01,0.011
CPI,2003-07-01,0.013
CPI,2003-08-01,0.014
CPI,2003-09-01,0.014
CPI,2003-10-01,0.014
CPI,2003-11-01,0.013
CPI,2003-12-01,0.013
CPI,2004-01-01,0.014
CPI,2004-02-01,0.013
CPI,2004-03-01,0.011
CPI,2004-04-01,0.011
CPI,2004-05-01,0.015
CPI,2004-06-01,0.016
CPI,2004-07-01,0.014
CPI,2004-08-01,0.013
CPI,2004-09-01,0.011
CPI,2004-10-01,0.012
CPI,2004-11-01,0.015
CPI,2004-12-01,0.017
CPI,2005-01-01,0.016
CPI,2005-02-01,0.017
CPI,2005-03-01,0.019
CPI,2005-04-01,0.019
CPI,2005-05-01,0.019
CPI,2005-06-01,0.02
CPI,2005-07-01,0.023
CPI,2005-08-01,0.024
CPI,2005-09-01,0.025
CPI,2005-10-01,0.023
CPI,2005-11-01,0.021
CPI,2005-12-01,0.019
CPI,2006-01-01,0.019
CPI,2006-02-01,0.02
CPI,2006-03-01,0.018
CPI,2006-04-01,0.02
CPI,2006-05-01,0.022
CPI,2006-06-01,0.025
CPI,2006-07-01,0.024
CPI,2006-08-01,0.025
CPI,2006-09-01,0.024
CPI,2006-10-01,0.024
CPI,2006-11-01,0.027
CPI,2006-12-01,0.03
CPI,2007-01-01,0.027
CPI,2007-02-01,0.028
CPI,2007-03-01,0.031
CPI,2007-04-01,0.028
CPI,2007-05-01,0.025
CPI,2007-06-01,0.024
CPI,2007-07-01,0.019
CPI,2007-08-01,0.018
CPI,2007-09-01,0.018
CPI,2007-10-01,0.021
CPI,2007-11-01,0.021
CPI,2007-12-01,0.021
CPI,2008-01-01,0.022
CPI,2008-02-01,0.025
CPI,2008-03-01,0.025
CPI,2008-04-01,0.03
CPI,2008-05-01,0.033
CPI,2008-06-01,0.038
CPI,2008-07-01,0.044
CPI,2008-08-01,0.047
CPI,2008-09-01,0.052
CPI,2008-10-01,0.045
CPI,2008-11-01,0.041
CPI,2008-12-01,0.031
CPI,2009-01-01,0.03
CPI,2009-02-01,0.032
CPI,2009-03-01,0.029
CPI,2009-04-01,0.023
CPI,2009-05-01,0.022
CPI,2009-06-01,0.018
CPI,2009-07-01,0.018
CPI,2009-08-01,0.016
CPI,2009-09-01,0.011
CPI,2009-10-01,0.015
CPI,2009-11-01,0.019
CPI,2009-12-01,0.029
CPI,2010-01-01,0.035
CPI,2010-02-01,0.03
CPI,2010-03-01,0.034
CPI,2010-04-01,0.037
CPI,2010-05-01,0.034
CPI,2010-06-01,0.032
CPI,2010-07-01,0.031
CPI,2010-08-01,0.031
CPI,2010-09-01,0.031
CPI,2010-10-01,0.032
CPI,2010-11-01,0.033
CPI,2010-12-01,0.037
CPI,2011-01-01,0.04
CPI,2011-02-01,0.044
CPI,2011-03-01,0.04
CPI,2011-04-01,0.045
CPI,2011-05-01,0.045
CPI,2011-06-01,0.042
CPI,2011-07-01,0.044
CPI,2011-08-01,0.045
CPI,2011-09-01,0.052
CPI,2011-10-01,0.05
CPI,2011-11-01,0.048
CPI,2011-12-01,0.042
CPI,2012-01-01,0.036
CPI,2012-02-01,0.034
CPI,2012-03-01,0.035
CPI,2012-04-01,0.03
CPI,2012-05-01,0.028
CPI,2012-06-01,0.024
CPI,2012-07-01,0.026
CPI,2012-08-01,0.025
CPI,2012-09-01,0.022
CPI,2012-10-01,0.027
CPI,2012-11-01,0.027
CPI,2012-12-01,0.027
CPI,2013-01-01,0.027
CPI,2013-02-01,0.028
CPI,2013-03-01,0.028
CPI,2013-04-01,0.024
CPI,2013-05-01,0.027
CPI,2013-06-01,0.029
CPI,2013-07-01,0.028
CPI,2013-08-01,0.027
CPI,2013-09-01,0.027
CPI,2013-10-01,0.022
CPI,2013-11-01,0.021
CPI,2013-12-01,0.02
CPI,2014-01-01,0.019
CPI,2014-02-01,0.017
CPI,2014-03-01,0.016
CPI,2014-04-01,0.018
CPI,2014-05-01,0.015
CPI,2014-06-01,0.019
CPI,2014-07-01,0.016
CPI,2014-08-01,0.015
CPI,2014-09-01,0.012
CPI,2014-10-01,0.013
CPI,2014-11-01,0.01
CPI,2014-12-01,0.005
CPI,2015-01-01,0.003
CPI,2015-02-01,0
CPI,2015-03-01,0
CPI,2015-04-01,-0.001
CPI,2015-05-01,0.001
CPI,2015-06-01,0
CPI,2015-07-01,0.001
CPI,2015-08-01,0
CPI,2015-09-01,-0.001
CPI,2015-10-01,-0.001
CPI,2015-11-01,0.001
CPI,2015-12-01,0.002
CPI,2016-01-01,0.003
CPI,2016-02-01,0.003
CPI,2016-03-01,0.005
CPI,2016-04-01,0.003
CPI,2016-05-01,0.003
CPI,2016-06-01,0.005
CPI,2016-07-01,0.006
CPI,2016-08-01,0.006
CPI,2016-09-01,0.01
CPI,2016-10-01,0.009
CPI,2016-11-01,0.012
CPI,2016-12-01,0.016
CPI,2017-01-01,0.018
CPI,2017-02-01,0.023
CPI,2017-03-01,0.023
CPI,2017-04-01,0.027
CPI,2017-05-01,0.029
CPI,2017-06-01,0.026
CPI,2017-07-01,0.026
CPI,2017-08-01,0.029
CPI,2017-09-01,0.03
CPI,2017-10-01,0.03
CPI,2017-11-01,0.031
CPI,2017-12-01,0.03
CPI,2018-01-01,0.03
CPI,2018-02-01,0.027
CPI,2018-03-01,0.025
CPI,2018-04-01,0.024
CPI,2018-05-01,0.024
CPI,2018-06-01,0.024
CPI,2018-07-01,0.025
CPI,2018-08-01,0.027
CPI,2018-09-01,0.024
CPI,2018-10-01,0.024
CPI,2018-11-01,0.023
CPI,2018-12-01,0.021
CPI,2019-01-01,0.018
CPI,2019-02-01,0.019
CPI,2019-03-01,0.019
CPI,2019-04-01,0.021
CPI,2019-05-01,0.02
CPI,2019-06-01,0.02
CPI,2019-07-01,0.021
CPI,2019-08-01,0.017
CPI,2019-09-01,0.017
CPI,2019-10-01,0.015
CPI,2019-11-01,0.015
CPI,2019-12-01,0.013
CPI,2020-01-01,0.018
CPI,2020-02-01,0.017
CPI,2020-03-01,0.015
CPI,2020-04-01,0.008
CPI,2020-05-01,0.005
CPI,2020-06-01,0.006
CPI,2020-07-01,0.01
CPI,2020-08-01,0.002
CPI,2020-09-01,0.005
CPI,2020-10-01,0.007
CPI,2020-11-01,0.003
CPI,2020-12-01,0.006
CPI,2021-01-01,0.007
CPI,2021-02-01,0.004
CPI,2021-03-01,0.007
CPI,2021-04-01,0.015
CPI,2021-05-01,0.021
CPI,2021-06-01,0.025
CPI,2021-07-01,0.02
CPI,2021-08-01,0.032
CPI,2021-09-01,0.031
CPI,2021-10-01,0.042
CPI,2021-11-01,0.051
CPI,2021-12-01,0.054
CPI,2022-01-01,0.055
CPI,2022-02-01,0.062
CPI,2022-03-01,0.07
CPI,2022-04-01,0.09
CPI,2022-05-01,0.091
CPI,2022-06-01,0.094
CPI,2022-07-01,0.101
CPI,2022-08-01,0.099
CPI,2022-09-01,0.101
CPI,2022-10-01,0.111
CPI,2022-11-01,0.107
CPI,2022-12-01,0.105
CPI,2023-01-01,0.101
CPI,2023-02-01,0.104
CPI,2023-03-01,0.101
CPI,2023-04-01,0.087
CPI,2023-05-01,0.087
CPI,2023-06-01,0.079
CPI,2023-07-01,0.068
CPI,2023-08-01,0.067
CPI,2023-09-01,0.067
CPI,2023-10-01,0.046
CPI,2023-11-01,0.039
CPI,2023-12-01,0.04
CPI,2024-01-01,0.04
CPI,2024-02-01,0.034
CPI,2024-03-01,0.032
CPI,2024-04-01,0.023
CPI,2024-05-01,0.02
CPI,2024-06-01,0.02