INSTRUMENT_ID,MARKET_DATE,OPEN_PRICE,HIGH_PRICE,LOW_PRICE,CLOSE_PRICE
LSEG,2023-01-01,7168.41,7219.5,7125.73,7176.82
LSEG,2023-01-02,7164.43,7212.07,7104.4,7152.04
LSEG,2023-01-03,7203.49,7295.2,7163.23,7254.94
LSEG,2023-01-04,7268.92,7284.06,7267.76,7282.9
LSEG,2023-01-05,7244.59,7301.66,7149.21,7206.28
LSEG,2023-01-06,7176.67,7223.38,7100.35,7147.06
LSEG,2023-01-07,7119.2,7120.95,7089.59,7091.34
LSEG,2023-01-08,7103.39,7158.19,7060.64,7115.44
LSEG,2023-01-09,7170.66,7275.98,7120.56,7225.88
LSEG,2023-01-10,7169.43,7179.37,7103.04,7112.98
LSEG,2023-01-11,7095.67,7110.79,7063.24,7078.36
LSEG,2023-01-12,7077.21,7118.33,7034.94,7076.06
LSEG,2023-01-13,7061.77,7098.76,7015.01,7052
LSEG,2023-01-14,7052,7083.31,7020.69,7052
LSEG,2023-01-15,7052,7065.1,7038.9,7052
LSEG,2023-01-16,7052,7059.74,7044.26,7052
LSEG,2023-01-17,7052,7099.99,7004.01,7052
LSEG,2023-01-18,7079.85,7147.51,7040.04,7107.7
LSEG,2023-01-19,7097.94,7101.36,7084.76,7088.18
LSEG,2023-01-20,7133.69,7208.32,7104.57,7179.2
LSEG,2023-01-21,7153.7,7162.02,7119.88,7128.2
LSEG,2023-01-22,7185.62,7282.47,7146.19,7243.04
LSEG,2023-01-23,7223.73,7232.54,7195.61,7204.42
LSEG,2023-01-24,7258.22,7338.74,7231.5,7312.02
LSEG,2023-01-25,7368.24,7462.67,7330.03,7424.46
LSEG,2023-01-26,7458.7,7542.08,7409.56,7492.94
LSEG,2023-01-27,7540.81,7595.7,7533.79,7588.68
LSEG,2023-01-28,7536.38,7593.41,7427.05,7484.08
LSEG,2023-01-29,7505.87,7560.57,7472.96,7527.66
LSEG,2023-01-30,7520.18,7563.11,7469.77,7512.7
LSEG,2023-01-31,7476.2,7526.97,7388.93,7439.7
LSEG,2023-02-01,7396.12,7407.66,7341,7352.54
LSEG,2023-02-02,7310.46,7333.11,7245.73,7268.38
LSEG,2023-02-03,7264.86,7274.64,7251.56,7261.34
LSEG,2023-02-04,7270.65,7307.76,7242.85,7279.96
LSEG,2023-02-05,7259.14,7295.87,7201.59,7238.32
LSEG,2023-02-06,7219.65,7272.31,7148.32,7200.98
LSEG,2023-02-07,7221.33,7255.36,7207.65,7241.68
LSEG,2023-02-08,7258.69,7296.55,7237.84,7275.7
LSEG,2023-02-09,7220.9,7275,7112,7166.1
LSEG,2023-02-10,7164.85,7168.03,7160.42,7163.6
LSEG,2023-02-11,7111.93,7125.55,7046.64,7060.26
LSEG,2023-02-12,7052,7059.65,7044.35,7052
LSEG,2023-02-13,7105.7,7159.51,7105.59,7159.4
LSEG,2023-02-14,7106.28,7115.72,7043.72,7053.16
LSEG,2023-02-15,7107.81,7206.04,7064.23,7162.46
LSEG,2023-02-16,7157.42,7198.35,7111.45,7152.38
LSEG,2023-02-17,7206.27,7266.41,7200.02,7260.16
LSEG,2023-02-18,7292.62,7366.75,7250.95,7325.08
LSEG,2023-02-19,7368.6,7444.66,7336.06,7412.12
LSEG,2023-02-20,7430.77,7457.84,7422.35,7449.42
LSEG,2023-02-21,7414.42,7453.44,7340.4,7379.42
LSEG,2023-02-22,7391.61,7428.91,7366.5,7403.8
LSEG,2023-02-23,7412.97,7466.62,7368.49,7422.14
LSEG,2023-02-24,7413.24,7466.11,7351.47,7404.34
LSEG,2023-02-25,7360.58,7380.47,7296.93,7316.82
LSEG,2023-02-26,7349.62,7402.42,7329.62,7382.42
LSEG,2023-02-27,7338.23,7376.63,7255.64,7294.04
LSEG,2023-02-28,7308.09,7354.15,7276.08,7322.14
LSEG,2023-03-01,7308.98,7314.33,7290.47,7295.82
LSEG,2023-03-02,7326.82,7399.39,7285.25,7357.82
LSEG,2023-03-03,7395.49,7481.44,7347.21,7433.16
LSEG,2023-03-04,7412.35,7470.91,7332.98,7391.54
LSEG,2023-03-05,7437.55,7490.45,7430.66,7483.56
LSEG,2023-03-06,7457.08,7457.13,7430.55,7430.6
LSEG,2023-03-07,7389.56,7392.65,7345.43,7348.52
LSEG,2023-03-08,7396.78,7465.31,7376.51,7445.04
LSEG,2023-03-09,7478.01,7561.96,7427.03,7510.98
LSEG,2023-03-10,7488.05,7488.72,7464.45,7465.12
LSEG,2023-03-11,7519.01,7599.73,7492.18,7572.9
LSEG,2023-03-12,7625.87,7738.71,7566,7678.84
LSEG,2023-03-13,7675.78,7734.89,7613.61,7672.72
LSEG,2023-03-14,7621.09,7664.77,7525.78,7569.46
LSEG,2023-03-15,7536.16,7554.64,7484.38,7502.86
LSEG,2023-03-16,7477.91,7513,7417.87,7452.96
LSEG,2023-03-17,7470.09,7514.99,7442.32,7487.22
LSEG,2023-03-18,7431.36,7455.66,7351.2,7375.5
LSEG,2023-03-19,7347.09,7359.11,7306.66,7318.68
LSEG,2023-03-20,7264.88,7323.56,7152.4,7211.08
LSEG,2023-03-21,7173.86,7202.3,7108.2,7136.64
LSEG,2023-03-22,7187.75,7271.64,7154.97,7238.86
LSEG,2023-03-23,7251.65,7320.87,7195.22,7264.44
LSEG,2023-03-24,7272.59,7299.09,7254.24,7280.74
LSEG,2023-03-25,7253.83,7281.43,7199.32,7226.92
LSEG,2023-03-26,7252.89,7333.19,7198.56,7278.86
LSEG,2023-03-27,7223.37,7259.08,7132.17,7167.88
LSEG,2023-03-28,7160.49,7217.34,7096.25,7153.1
LSEG,2023-03-29,7130.38,7137.12,7100.92,7107.66
LSEG,2023-03-30,7123.13,7167.81,7093.92,7138.6
LSEG,2023-03-31,7149.58,7189.4,7120.74,7160.56
LSEG,2023-04-01,7161.88,7195.11,7129.97,7163.2
LSEG,2023-04-02,7217.78,7294.71,7195.43,7272.36
LSEG,2023-04-03,7228.67,7261.31,7152.34,7184.98
LSEG,2023-04-04,7191.39,7207.6,7181.59,7197.8
LSEG,2023-04-05,7243.78,7346.03,7187.51,7289.76
LSEG,2023-04-06,7243.95,7269.85,7172.24,7198.14
LSEG,2023-04-07,7253.35,7343.42,7218.49,7308.56
LSEG,2023-04-08,7303.58,7331.15,7271.03,7298.6
LSEG,2023-04-09,7346.91,7412.88,7329.25,7395.22
LSEG,2023-04-10,7450.57,7549.81,7406.68,7505.92
LSEG,2023-04-11,7454.82,7475.92,7382.62,7403.72
LSEG,2023-04-12,7354.75,7380.89,7279.64,7305.78
LSEG,2023-04-13,7265.81,7324.62,7167.03,7225.84
LSEG,2023-04-14,7273.11,7378.18,7215.31,7320.38
LSEG,2023-04-15,7344.47,7420.16,7292.87,7368.56
LSEG,2023-04-16,7367.22,7391.72,7341.38,7365.88
LSEG,2023-04-17,7368.74,7409.06,7331.28,7371.6
LSEG,2023-04-18,7380.77,7394.04,7376.67,7389.94
LSEG,2023-04-19,7367.44,7389.03,7323.35,7344.94
LSEG,2023-04-20,7397.07,7505.82,7340.45,7449.2
LSEG,2023-04-21,7397.73,7404.08,7339.91,7346.26
LSEG,2023-04-22,7396.52,7461.07,7382.23,7446.78
LSEG,2023-04-23,7462.63,7499.78,7441.33,7478.48
LSEG,2023-04-24,7534.13,7641.28,7482.63,7589.78
LSEG,2023-04-25,7548.52,7581.72,7474.06,7507.26
LSEG,2023-04-26,7457.03,7511.88,7351.95,7406.8
LSEG,2023-04-27,7422.65,7474.48,7386.67,7438.5
LSEG,2023-04-28,7421.95,7435.07,7392.28,7405.4
LSEG,2023-04-29,7390.62,7411.37,7355.09,7375.84
LSEG,2023-04-30,7372.75,7420.02,7322.39,7369.66
LSEG,2023-05-01,7373.9,7383.98,7368.06,7378.14
LSEG,2023-05-02,7337.88,7358.33,7277.17,7297.62
LSEG,2023-05-03,7307.3,7323.72,7300.56,7316.98
LSEG,2023-05-04,7347.89,7426.82,7299.87,7378.8
LSEG,2023-05-05,7416.51,7460.36,7410.37,7454.22
LSEG,2023-05-06,7472.96,7539.19,7425.47,7491.7
LSEG,2023-05-07,7535.55,7623.31,7491.64,7579.4
LSEG,2023-05-08,7620.37,7669.93,7611.78,7661.34
LSEG,2023-05-09,7624.34,7631.44,7580.24,7587.34
LSEG,2023-05-10,7572.02,7595.25,7533.47,7556.7
LSEG,2023-05-11,7566.14,7595.55,7546.17,7575.58
LSEG,2023-05-12,7621.91,7683.72,7606.43,7668.24
LSEG,2023-05-13,7685.07,7755.86,7631.11,7701.9
LSEG,2023-05-14,7653.66,7665.29,7593.79,7605.42
LSEG,2023-05-15,7583.6,7601.28,7544.1,7561.78
LSEG,2023-05-16,7537.98,7588.13,7464.03,7514.18
LSEG,2023-05-17,7500.08,7527.02,7459.04,7485.98
LSEG,2023-05-18,7530.2,7606.12,7498.5,7574.42
LSEG,2023-05-19,7626.2,7692.74,7611.44,7677.98
LSEG,2023-05-20,7707.77,7786.66,7658.67,7737.56
LSEG,2023-05-21,7784.51,7832.76,7783.21,7831.46
LSEG,2023-05-22,7887.72,8001.39,7830.31,7943.98
LSEG,2023-05-23,7945.93,7951.82,7941.99,7947.88
LSEG,2023-05-24,7904.21,7928.03,7836.72,7860.54
LSEG,2023-05-25,7907.22,7961.15,7899.97,7953.9
LSEG,2023-05-26,8006.01,8075.86,7988.27,8058.12
LSEG,2023-05-27,8048.54,8101.51,7985.99,8038.96
LSEG,2023-05-28,8054,8069.81,8053.23,8069.04
LSEG,2023-05-29,8050.87,8080.91,8002.66,8032.7
LSEG,2023-05-30,8038.68,8081.35,8001.99,8044.66
LSEG,2023-05-31,8013.58,8018.16,7977.92,7982.5
LSEG,2023-06-01,7997.63,8034.22,7976.17,8012.76
LSEG,2023-06-02,8011.85,8021.75,8001.04,8010.94
LSEG,2023-06-03,8053.03,8108.35,8039.8,8095.12
LSEG,2023-06-04,8134.26,8189.9,8117.76,8173.4
LSEG,2023-06-05,8209.23,8267.42,8186.87,8245.06
LSEG,2023-06-06,8280.27,8337.54,8258.21,8315.48
LSEG,2023-06-07,8270.15,8311.51,8183.46,8224.82
LSEG,2023-06-08,8197.64,8219.1,8149,8170.46
LSEG,2023-06-09,8116.8,8131.76,8048.18,8063.14
LSEG,2023-06-10,8120.03,8213.68,8083.27,8176.92
LSEG,2023-06-11,8224.85,8322.83,8174.8,8272.78
LSEG,2023-06-12,8324.46,8403.34,8297.26,8376.14
LSEG,2023-06-13,8382.04,8413.68,8356.3,8387.94
LSEG,2023-06-14,8328.79,8368.02,8230.41,8269.64
LSEG,2023-06-15,8325.73,8425.11,8282.44,8381.82
LSEG,2023-06-16,8369.24,8425.7,8300.2,8356.66
LSEG,2023-06-17,8380.38,8440.28,8344.2,8404.1
LSEG,2023-06-18,8357.91,8387.62,8282.01,8311.72
LSEG,2023-06-19,8295.09,8335.15,8238.4,8278.46
LSEG,2023-06-20,8280.24,8308.99,8253.27,8282.02
LSEG,2023-06-21,8241.03,8283.81,8157.26,8200.04
LSEG,2023-06-22,8232.53,8288.45,8209.1,8265.02
LSEG,2023-06-23,8249.01,8263.37,8218.64,8233
LSEG,2023-06-24,8219.47,8270.93,8154.48,8205.94
LSEG,2023-06-25,8246.94,8344.95,8189.93,8287.94
LSEG,2023-06-26,8311.55,8385.78,8260.93,8335.16
LSEG,2023-06-27,8337.32,8354.63,8322.17,8339.48
LSEG,2023-06-28,8322.68,8340.35,8288.21,8305.88
LSEG,2023-06-29,8354.79,8449.07,8309.42,8403.7
LSEG,2023-06-30,8447.59,8528.01,8411.06,8491.48
LSEG,2023-07-01,8503.58,8562.11,8457.15,8515.68
LSEG,2023-07-02,8459.39,8467.72,8394.77,8403.1
LSEG,2023-07-03,8435.05,8516.32,8385.73,8467
LSEG,2023-07-04,8467.05,8508.48,8425.67,8467.1
LSEG,2023-07-05,8485.14,8510.37,8477.95,8503.18
LSEG,2023-07-06,8472.87,8474.04,8441.39,8442.56
LSEG,2023-07-07,8391.9,8397.27,8335.87,8341.24
LSEG,2023-07-08,8290.04,8310.44,8218.44,8238.84
LSEG,2023-07-09,8293.04,8398.64,8241.64,8347.24
LSEG,2023-07-10,8300.13,8349.07,8204.08,8253.02
LSEG,2023-07-11,8283.33,8358.63,8238.34,8313.64
LSEG,2023-07-12,8290.5,8294.34,8263.52,8267.36
LSEG,2023-07-13,8212.14,8260.19,8108.87,8156.92
LSEG,2023-07-14,8211.92,8306.28,8172.56,8266.92
LSEG,2023-07-15,8320.99,8389.73,8306.32,8375.06
LSEG,2023-07-16,8336.02,8372.95,8260.05,8296.98
LSEG,2023-07-17,8320.99,8346.12,8319.87,8345
LSEG,2023-07-18,8332.76,8387.93,8265.35,8320.52
LSEG,2023-07-19,8270.35,8286.23,8204.3,8220.18
LSEG,2023-07-20,8267.99,8375.7,8208.09,8315.8
LSEG,2023-07-21,8371.91,8477.63,8322.3,8428.02
LSEG,2023-07-22,8400.9,8415,8359.68,8373.78
LSEG,2023-07-23,8410.61,8492.57,8365.48,8447.44
LSEG,2023-07-24,8501.57,8583.68,8473.59,8555.7
LSEG,2023-07-25,8511,8558.48,8418.82,8466.3
LSEG,2023-07-26,8488.38,8539.36,8459.48,8510.46
LSEG,2023-07-27,8454.73,8508.61,8345.12,8399
LSEG,2023-07-28,8345.64,8377.06,8260.86,8292.28
LSEG,2023-07-29,8318.08,8387.62,8274.34,8343.88
LSEG,2023-07-30,8400.96,8505.32,8353.68,8458.04
LSEG,2023-07-31,8509.41,8569.41,8500.78,8560.78
LSEG,2023-08-01,8522.83,8578.26,8429.45,8484.88
LSEG,2023-08-02,8486.7,8530.87,8444.35,8488.52
LSEG,2023-08-03,8518.11,8579.69,8486.12,8547.7
LSEG,2023-08-04,8595.06,8653.28,8584.2,8642.42
LSEG,2023-08-05,8649.51,8696.87,8609.24,8656.6
LSEG,2023-08-06,8664.19,8674.09,8661.88,8671.78
LSEG,2023-08-07,8713.12,8775.23,8692.35,8754.46
LSEG,2023-08-08,8765.92,8834.43,8708.87,8777.38
LSEG,2023-08-09,8795.86,8815.51,8794.69,8814.34
LSEG,2023-08-10,8771.65,8789.26,8711.35,8728.96
LSEG,2023-08-11,8713.01,8719.35,8690.72,8697.06
LSEG,2023-08-12,8749.93,8841.49,8711.24,8802.8
LSEG,2023-08-13,8765.73,8794.08,8700.31,8728.66
LSEG,2023-08-14,8763.88,8816.32,8746.66,8799.1
LSEG,2023-08-15,8818.52,8894.38,8762.08,8837.94
LSEG,2023-08-16,8788.77,8831.04,8697.33,8739.6
LSEG,2023-08-17,8696.77,8743.82,8606.89,8653.94
LSEG,2023-08-18,8629.47,8634.6,8599.87,8605
LSEG,2023-08-19,8584.19,8597.99,8549.58,8563.38
LSEG,2023-08-20,8557.92,8607.18,8503.2,8552.46
LSEG,2023-08-21,8580.36,8665.77,8522.85,8608.26
LSEG,2023-08-22,8630.71,8653.48,8630.39,8653.16
LSEG,2023-08-23,8618.23,8654.39,8547.14,8583.3
LSEG,2023-08-24,8606.53,8685.91,8550.38,8629.76
LSEG,2023-08-25,8621.62,8636.58,8598.52,8613.48
LSEG,2023-08-26,8583.7,8620.48,8517.14,8553.92
LSEG,2023-08-27,8542.7,8598.96,8475.22,8531.48
LSEG,2023-08-28,8557.6,8598.14,8543.18,8583.72
LSEG,2023-08-29,8639.47,8704.85,8629.84,8695.22
LSEG,2023-08-30,8698.26,8744.79,8654.77,8701.3
LSEG,2023-08-31,8673.34,8695.16,8623.56,8645.38
LSEG,2023-09-01,8667.81,8700.81,8657.24,8690.24
LSEG,2023-09-02,8666.55,8693.31,8616.1,8642.86
LSEG,2023-09-03,8617.99,8642.43,8568.68,8593.12
LSEG,2023-09-04,8579.69,8595.28,8550.67,8566.26
LSEG,2023-09-05,8507.63,8533.7,8422.93,8449
LSEG,2023-09-06,8469.24,8496.07,8462.65,8489.48
LSEG,2023-09-07,8500.2,8569.53,8441.59,8510.92
LSEG,2023-09-08,8525,8554.37,8509.71,8539.08
LSEG,2023-09-09,8521.24,8578.65,8445.99,8503.4
LSEG,2023-09-10,8507.66,8536.27,8483.31,8511.92
LSEG,2023-09-11,8535.94,8619.95,8475.95,8559.96
LSEG,2023-09-12,8506.26,8519.92,8438.9,8452.56
LSEG,2023-09-13,8466.58,8536.67,8410.51,8480.6
LSEG,2023-09-14,8495.7,8561.07,8445.43,8510.8
LSEG,2023-09-15,8470.05,8487.61,8411.74,8429.3
LSEG,2023-09-16,8374.24,8392.68,8300.74,8319.18
LSEG,2023-09-17,8375.36,8480.08,8326.82,8431.54
LSEG,2023-09-18,8481.01,8540.07,8471.42,8530.48
LSEG,2023-09-19,8561.12,8647.06,8505.82,8591.76
LSEG,2023-09-20,8553.48,8605.83,8462.85,8515.2
LSEG,2023-09-21,8553.04,8607.18,8536.74,8590.88
LSEG,2023-09-22,8604.97,8641.6,8582.43,8619.06
LSEG,2023-09-23,8621.45,8636.04,8609.25,8623.84
LSEG,2023-09-24,8602.2,8635.34,8547.42,8580.56
LSEG,2023-09-25,8618.79,8672.86,8602.95,8657.02
LSEG,2023-09-26,8622.7,8667.05,8544.03,8588.38
LSEG,2023-09-27,8617.1,8688.07,8574.85,8645.82
LSEG,2023-09-28,8652.4,8672.52,8638.86,8658.98
LSEG,2023-09-29,8705.55,8810.76,8646.91,8752.12
LSEG,2023-09-30,8743.08,8788.35,8688.77,8734.04
LSEG,2023-10-01,8787.91,8856.2,8773.49,8841.78
LSEG,2023-10-02,8809.88,8811.16,8776.7,8777.98
LSEG,2023-10-03,8740.06,8791.24,8650.96,8702.14
LSEG,2023-10-04,8668.79,8679.31,8624.92,8635.44
LSEG,2023-10-05,8687.48,8792.22,8634.78,8739.52
LSEG,2023-10-06,8794.16,8867.9,8775.06,8848.8
LSEG,2023-10-07,8802.77,8837.72,8721.79,8756.74
LSEG,2023-10-08,8796.21,8836.02,8795.87,8835.68
LSEG,2023-10-09,8863.13,8946.66,8807.05,8890.58
LSEG,2023-10-10,8893.86,8938.59,8849.13,8893.86
LSEG,2023-10-11,8875.32,8881.76,8850.34,8856.78
LSEG,2023-10-12,8882.91,8923.82,8852.95,8893.86
LSEG,2023-10-13,8893.86,8952.4,8835.32,8893.86
LSEG,2023-10-14,8853.5,8864.4,8802.24,8813.14
LSEG,2023-10-15,8846.91,8917.8,8809.79,8880.68
LSEG,2023-10-16,8893.86,8903.48,8884.24,8893.86
LSEG,2023-10-17,8850.74,8899.81,8758.55,8807.62
LSEG,2023-10-18,8759.16,8804.52,8665.34,8710.7
LSEG,2023-10-19,8720.82,8764.43,8687.33,8730.94
LSEG,2023-10-20,8728.8,8773.35,8682.11,8726.66
LSEG,2023-10-21,8676,8707.65,8593.69,8625.34
LSEG,2023-10-22,8680.68,8786.84,8629.86,8736.02
LSEG,2023-10-23,8695.76,8732.78,8618.48,8655.5
LSEG,2023-10-24,8661.87,8683.23,8646.88,8668.24
LSEG,2023-10-25,8664.15,8689.41,8634.8,8660.06
LSEG,2023-10-26,8672.8,8690.58,8667.76,8685.54
LSEG,2023-10-27,8647.37,8691.57,8565,8609.2
LSEG,2023-10-28,8584.8,8640.97,8504.23,8560.4
LSEG,2023-10-29,8571.22,8585.93,8567.33,8582.04
LSEG,2023-10-30,8537.52,8558.26,8472.26,8493
LSEG,2023-10-31,8498.62,8510.76,8492.1,8504.24
LSEG,2023-11-01,8496.51,8514.83,8470.46,8488.78
LSEG,2023-11-02,8547.07,8621.88,8530.55,8605.36
LSEG,2023-11-03,8650.62,8741.54,8604.96,8695.88
LSEG,2023-11-04,8686.2,8696.66,8666.06,8676.52
LSEG,2023-11-05,8729.62,8789.41,8722.93,8782.72
LSEG,2023-11-06,8775.26,8782.39,8760.67,8767.8
LSEG,2023-11-07,8761.61,8804.14,8712.89,8755.42
LSEG,2023-11-08,8720.58,8758.08,8648.24,8685.74
LSEG,2023-11-09,8630.54,8652.04,8553.84,8575.34
LSEG,2023-11-10,8633.11,8745.6,8578.39,8690.88
LSEG,2023-11-11,8713.72,8785.65,8664.63,8736.56
LSEG,2023-11-12,8745.91,8779.4,8721.77,8755.26
LSEG,2023-11-13,8719.36,8737.35,8665.47,8683.46
LSEG,2023-11-14,8731.68,8793.17,8718.41,8779.9
LSEG,2023-11-15,8803.98,8886.13,8745.91,8828.06
LSEG,2023-11-16,8820.17,8862.01,8770.44,8812.28
LSEG,2023-11-17,8769.99,8796.38,8701.31,8727.7
LSEG,2023-11-18,8755.8,8835.66,8704.04,8783.9
LSEG,2023-11-19,8823.15,8879.6,8805.95,8862.4
LSEG,2023-11-20,8893.86,8950.96,8836.76,8893.86
LSEG,2023-11-21,8893.86,8925.79,8861.93,8893.86
LSEG,2023-11-22,8865.49,8919.66,8782.95,8837.12
LSEG,2023-11-23,8857.17,8886.44,8847.95,8877.22
LSEG,2023-11-24,8877.45,8929.09,8826.04,8877.68
LSEG,2023-11-25,8882.43,8922.04,8847.57,8887.18
LSEG,2023-11-26,8890.21,8932.72,8850.73,8893.24
LSEG,2023-11-27,8841.46,8853.33,8777.81,8789.68
LSEG,2023-11-28,8823.7,8878.96,8802.46,8857.72
LSEG,2023-11-29,8879.33,8944.27,8828.92,8893.86
LSEG,2023-11-30,8893.86,8935.56,8852.16,8893.86
LSEG,2023-12-01,8849.32,8867.19,8786.91,8804.78
LSEG,2023-12-02,8828.03,8889.36,8789.95,8851.28
LSEG,2023-12-03,8893.86,8942.67,8845.05,8893.86
LSEG,2023-12-04,8893.86,8943.65,8844.07,8893.86
LSEG,2023-12-05,8857.37,8892.34,8785.91,8820.88
LSEG,2023-12-06,8808.04,8816.45,8786.79,8795.2
LSEG,2023-12-07,8790.83,8806.12,8771.17,8786.46
LSEG,2023-12-08,8823.09,8867.46,8815.35,8859.72
LSEG,2023-12-09,8893.86,8919.75,8867.97,8893.86
LSEG,2023-12-10,8868.8,8902.53,8810.01,8843.74
LSEG,2023-12-11,8819.96,8830.04,8786.1,8796.18
LSEG,2023-12-12,8777.87,8832.41,8705.02,8759.56
LSEG,2023-12-13,8818.42,8905.65,8790.05,8877.28
LSEG,2023-12-14,8823.11,8873.62,8718.43,8768.94
LSEG,2023-12-15,8827.09,8933.68,8778.65,8885.24
LSEG,2023-12-16,8890.95,8938.03,8846.78,8893.86
LSEG,2023-12-17,8893.86,8929.01,8858.71,8893.86
LSEG,2023-12-18,8893.86,8904.09,8883.63,8893.86
LSEG,2023-12-19,8862.01,8902.59,8789.58,8830.16
LSEG,2023-12-20,8883.08,8919.47,8857.47,8893.86
LSEG,2023-12-21,8861.9,8915.86,8775.98,8829.94
LSEG,2023-12-22,8773.74,8833.13,8658.15,8717.54
LSEG,2023-12-23,8660.47,8692.21,8571.66,8603.4
LSEG,2023-12-24,8580.92,8583.78,8555.58,8558.44
LSEG,2023-12-25,8534.3,8581.84,8462.62,8510.16
LSEG,2023-12-26,8549.47,8648.25,8490,8588.78
LSEG,2023-12-27,8598,8629.38,8575.84,8607.22
LSEG,2023-12-28,8630.97,8709.6,8576.09,8654.72
LSEG,2023-12-29,8679.5,8757.89,8625.89,8704.28
LSEG,2023-12-30,8719.08,8740.83,8712.13,8733.88
LSEG,2023-12-31,8717.6,8744.67,8674.25,8701.32
LLOY,2023-01-01,46.53,47.27,46.27,47.01
LLOY,2023-01-02,47.04,47.68,46.43,47.07
LLOY,2023-01-03,48.02,49.02,47.97,48.97
LLOY,2023-01-04,49.31,49.85,49.11,49.65
LLOY,2023-01-05,50.39,51.18,50.34,51.13
LLOY,2023-01-06,50.49,51.23,49.11,49.85
LLOY,2023-01-07,49.76,50.33,49.1,49.67
LLOY,2023-01-08,50.53,51.62,50.3,51.39
LLOY,2023-01-09,51.59,52.17,51.21,51.79
LLOY,2023-01-10,52.56,53.69,52.2,53.33
LLOY,2023-01-11,53.32,53.54,53.09,53.31
LLOY,2023-01-12,53.49,53.68,53.48,53.67
LLOY,2023-01-13,52.99,53.26,52.04,52.31
LLOY,2023-01-14,52.64,53.75,51.86,52.97
LLOY,2023-01-15,53.85,54.98,53.2,54.33
LLOY,2023-01-16,53.96,54.44,53.11,53.59
LLOY,2023-01-17,52.62,53.57,50.7,51.65
LLOY,2023-01-18,52.27,53.48,51.68,52.89
LLOY,2023-01-19,53.66,55.05,52.94,54.33
LLOY,2023-01-20,53.35,54.17,51.55,52.37
LLOY,2023-01-21,53.15,54.88,52.2,53.93
LLOY,2023-01-22,54.33,54.91,53.75,54.33
LLOY,2023-01-23,54.33,54.91,53.75,54.33
LLOY,2023-01-24,54.33,54.81,53.85,54.33
LLOY,2023-01-25,54.33,54.34,54.32,54.33
LLOY,2023-01-26,54.33,55.16,53.5,54.33
LLOY,2023-01-27,54.33,54.92,53.74,54.33
LLOY,2023-01-28,53.74,53.89,53,53.15
LLOY,2023-01-29,53.83,54.46,53.7,54.33
LLOY,2023-01-30,53.33,53.99,51.67,52.33
LLOY,2023-01-31,52.27,52.66,51.82,52.21
LLOY,2023-02-01,52.77,54.1,52,53.33
LLOY,2023-02-02,53.56,54.36,52.99,53.79
LLOY,2023-02-03,53.67,54.3,52.92,53.55
LLOY,2023-02-04,53.36,54.21,52.32,53.17
LLOY,2023-02-05,53.1,53.64,52.49,53.03
LLOY,2023-02-06,53.62,55.05,52.78,54.21
LLOY,2023-02-07,54.04,54.59,53.32,53.87
LLOY,2023-02-08,53.03,53.14,52.08,52.19
LLOY,2023-02-09,52.04,52.93,51,51.89
LLOY,2023-02-10,51.62,52.31,50.66,51.35
LLOY,2023-02-11,51.77,52.69,51.27,52.19
LLOY,2023-02-12,51.37,51.91,50.01,50.55
LLOY,2023-02-13,49.69,50.21,48.31,48.83
LLOY,2023-02-14,48.9,49.08,48.79,48.97
LLOY,2023-02-15,48.7,49.49,47.64,48.43
LLOY,2023-02-16,48.02,48.8,46.83,47.61
LLOY,2023-02-17,46.72,47.08,45.47,45.83
LLOY,2023-02-18,46.41,47.36,46.04,46.99
LLOY,2023-02-19,47.32,48.63,46.34,47.65
LLOY,2023-02-20,48.2,49.44,47.51,48.75
LLOY,2023-02-21,48.34,48.95,47.32,47.93
LLOY,2023-02-22,48.61,50.26,47.64,49.29
LLOY,2023-02-23,48.56,49.46,46.93,47.83
LLOY,2023-02-24,48.62,49.83,48.2,49.41
LLOY,2023-02-25,50.31,51.92,49.6,51.21
LLOY,2023-02-26,51.55,52.56,50.88,51.89
LLOY,2023-02-27,52.04,52.8,51.43,52.19
LLOY,2023-02-28,51.67,52,50.82,51.15
LLOY,2023-03-01,51.01,51.36,50.52,50.87
LLOY,2023-03-02,50.86,51.32,50.39,50.85
LLOY,2023-03-03,49.87,50.29,48.47,48.89
LLOY,2023-03-04,49.21,49.59,49.15,49.53
LLOY,2023-03-05,49.31,49.79,48.61,49.09
LLOY,2023-03-06,49.67,50.85,49.07,50.25
LLOY,2023-03-07,50.7,52.06,49.79,51.15
LLOY,2023-03-08,50.66,51.15,49.68,50.17
LLOY,2023-03-09,50.66,51.43,50.38,51.15
LLOY,2023-03-10,50.7,51.29,49.66,50.25
LLOY,2023-03-11,49.77,50.65,48.41,49.29
LLOY,2023-03-12,49.04,49.78,48.05,48.79
LLOY,2023-03-13,49.11,49.62,48.92,49.43
LLOY,2023-03-14,50.28,51.33,50.08,51.13
LLOY,2023-03-15,50.93,51.34,50.32,50.73
LLOY,2023-03-16,50.96,51.39,50.76,51.19
LLOY,2023-03-17,51.26,52.25,50.34,51.33
LLOY,2023-03-18,52.26,53.61,51.84,53.19
LLOY,2023-03-19,52.55,53.36,51.1,51.91
LLOY,2023-03-20,52.55,53.68,52.06,53.19
LLOY,2023-03-21,52.26,52.65,50.94,51.33
LLOY,2023-03-22,52.06,53.29,51.56,52.79
LLOY,2023-03-23,53.55,54.96,52.9,54.31
LLOY,2023-03-24,53.5,53.99,52.2,52.69
LLOY,2023-03-25,51.83,52.63,50.17,50.97
LLOY,2023-03-26,50.66,51.61,49.4,50.35
LLOY,2023-03-27,49.43,50.17,47.77,48.51
LLOY,2023-03-28,49.07,49.96,48.74,49.63
LLOY,2023-03-29,50.23,51.42,49.64,50.83
LLOY,2023-03-30,50.59,51.12,49.82,50.35
LLOY,2023-03-31,50.24,50.39,49.98,50.13
LLOY,2023-04-01,50.08,50.48,49.63,50.03
LLOY,2023-04-02,50.31,51.04,49.86,50.59
LLOY,2023-04-03,49.98,50.22,49.13,49.37
LLOY,2023-04-04,48.63,48.83,47.69,47.89
LLOY,2023-04-05,46.94,47.25,45.68,45.99
LLOY,2023-04-06,45.47,45.8,44.62,44.95
LLOY,2023-04-07,44.48,44.81,43.68,44.01
LLOY,2023-04-08,43.76,44.22,43.05,43.51
LLOY,2023-04-09,43.58,44.6,42.63,43.65
LLOY,2023-04-10,43.68,44.12,43.27,43.71
LLOY,2023-04-11,43.32,43.62,42.63,42.93
LLOY,2023-04-12,43.38,44.56,42.65,43.83
LLOY,2023-04-13,43.53,43.98,42.78,43.23
LLOY,2023-04-14,43.49,43.89,43.35,43.75
LLOY,2023-04-15,43.33,44.25,41.99,42.91
LLOY,2023-04-16,43.82,44.82,43.73,44.73
LLOY,2023-04-17,43.86,44.04,42.81,42.99
LLOY,2023-04-18,43.97,45.16,43.76,44.95
LLOY,2023-04-19,44.84,45.02,44.55,44.73
LLOY,2023-04-20,43.94,44.79,42.3,43.15
LLOY,2023-04-21,43.2,44.03,42.42,43.25
LLOY,2023-04-22,42.76,43.32,41.71,42.27
LLOY,2023-04-23,41.75,42.08,40.9,41.23
LLOY,2023-04-24,41.15,41.73,40.49,41.07
LLOY,2023-04-25,41.74,42.53,41.62,42.41
LLOY,2023-04-26,42.08,42.46,41.37,41.75
LLOY,2023-04-27,41.55,42.44,40.46,41.35
LLOY,2023-04-28,41.47,41.69,41.37,41.59
LLOY,2023-04-29,41.27,41.61,40.61,40.95
LLOY,2023-04-30,40.74,40.85,40.42,40.53
LLOY,2023-05-01,41.32,42.72,40.71,42.11
LLOY,2023-05-02,41.47,41.94,40.36,40.83
LLOY,2023-05-03,41.1,42.17,40.3,41.37
LLOY,2023-05-04,42.04,43.15,41.6,42.71
LLOY,2023-05-05,43.61,44.99,43.13,44.51
LLOY,2023-05-06,44.23,44.23,43.95,43.95
LLOY,2023-05-07,44.09,44.38,43.94,44.23
LLOY,2023-05-08,43.89,44.21,43.23,43.55
LLOY,2023-05-09,42.63,43.4,40.94,41.71
LLOY,2023-05-10,41.49,41.77,40.99,41.27
LLOY,2023-05-11,40.75,41,39.98,40.23
LLOY,2023-05-12,40.78,42.27,39.84,41.33
LLOY,2023-05-13,42.09,43.82,41.12,42.85
LLOY,2023-05-14,43.44,44.13,43.34,44.03
LLOY,2023-05-15,45.03,46.27,44.79,46.03
LLOY,2023-05-16,45.71,46.45,44.65,45.39
LLOY,2023-05-17,45.29,46.13,44.35,45.19
LLOY,2023-05-18,44.93,45.47,44.13,44.67
LLOY,2023-05-19,44.54,45.04,43.91,44.41
LLOY,2023-05-20,44.27,44.67,43.73,44.13
LLOY,2023-05-21,45.07,46.4,44.68,46.01
LLOY,2023-05-22,45.3,46.21,43.68,44.59
LLOY,2023-05-23,44.4,45.06,43.55,44.21
LLOY,2023-05-24,44.63,45.92,43.76,45.05
LLOY,2023-05-25,45.88,47.58,45.01,46.71
LLOY,2023-05-26,46.52,47.31,45.54,46.33
LLOY,2023-05-27,45.34,45.93,43.76,44.35
LLOY,2023-05-28,43.53,43.88,42.36,42.71
LLOY,2023-05-29,41.72,42.51,39.94,40.73
LLOY,2023-05-30,41.11,42.47,40.13,41.49
LLOY,2023-05-31,41.64,42.21,41.22,41.79
LLOY,2023-06-01,42.23,42.94,41.96,42.67
LLOY,2023-06-02,42.09,42.98,40.62,41.51
LLOY,2023-06-03,42.07,43.18,41.52,42.63
LLOY,2023-06-04,43.07,44.05,42.53,43.51
LLOY,2023-06-05,42.56,42.89,41.28,41.61
LLOY,2023-06-06,42.12,42.81,41.94,42.63
LLOY,2023-06-07,43.05,44.3,42.22,43.47
LLOY,2023-06-08,43.04,43.6,42.05,42.61
LLOY,2023-06-09,42.92,43.69,42.46,43.23
LLOY,2023-06-10,42.46,43.37,40.78,41.69
LLOY,2023-06-11,42.22,43.12,41.85,42.75
LLOY,2023-06-12,42.49,42.87,41.85,42.23
LLOY,2023-06-13,42.27,43.17,41.41,42.31
LLOY,2023-06-14,41.33,41.92,39.76,40.35
LLOY,2023-06-15,40.32,41.31,39.3,40.29
LLOY,2023-06-16,39.93,40.05,39.45,39.57
LLOY,2023-06-17,40.15,41.7,39.18,40.73
LLOY,2023-06-18,40.56,41.54,39.41,40.39
LLOY,2023-06-19,40.69,41.75,39.93,40.99
LLOY,2023-06-20,41.46,42.08,41.31,41.93
LLOY,2023-06-21,42.66,43.87,42.18,43.39
LLOY,2023-06-22,43.49,43.66,43.42,43.59
LLOY,2023-06-23,43.19,44.18,41.8,42.79
LLOY,2023-06-24,42.71,42.82,42.52,42.63
LLOY,2023-06-25,42.44,42.78,41.91,42.25
LLOY,2023-06-26,43.03,43.93,42.91,43.81
LLOY,2023-06-27,44.24,44.93,43.98,44.67
LLOY,2023-06-28,44.86,45.93,43.98,45.05
LLOY,2023-06-29,44.71,45.43,43.65,44.37
LLOY,2023-06-30,43.69,44.33,42.37,43.01
LLOY,2023-07-01,42.88,43.26,42.37,42.75
LLOY,2023-07-02,42.73,43.32,42.12,42.71
LLOY,2023-07-03,43.29,43.95,43.21,43.87
LLOY,2023-07-04,43.52,43.89,42.8,43.17
LLOY,2023-07-05,42.65,43.06,41.72,42.13
LLOY,2023-07-06,42.6,43.67,42,43.07
LLOY,2023-07-07,42.47,42.58,41.76,41.87
LLOY,2023-07-08,42.09,42.64,41.76,42.31
LLOY,2023-07-09,41.65,42.32,40.32,40.99
LLOY,2023-07-10,40.35,40.91,39.15,39.71
LLOY,2023-07-11,39.15,39.9,37.84,38.59
LLOY,2023-07-12,38.58,39.34,37.81,38.57
LLOY,2023-07-13,38.58,39.31,37.86,38.59
LLOY,2023-07-14,39.45,40.65,39.11,40.31
LLOY,2023-07-15,40.82,41.51,40.64,41.33
LLOY,2023-07-16,41.72,42.28,41.55,42.11
LLOY,2023-07-17,42.68,43.65,42.28,43.25
LLOY,2023-07-18,42.89,42.96,42.46,42.53
LLOY,2023-07-19,43.48,45.28,42.63,44.43
LLOY,2023-07-20,43.79,44.11,42.83,43.15
LLOY,2023-07-21,43.74,45.08,42.99,44.33
LLOY,2023-07-22,45.25,46.3,45.12,46.17
LLOY,2023-07-23,45.74,46.2,44.85,45.31
LLOY,2023-07-24,44.68,44.88,43.85,44.05
LLOY,2023-07-25,44.18,44.4,44.09,44.31
LLOY,2023-07-26,44.7,45.24,44.55,45.09
LLOY,2023-07-27,44.77,45.71,43.51,44.45
LLOY,2023-07-28,43.79,43.87,43.05,43.13
LLOY,2023-07-29,42.9,42.9,42.67,42.67
LLOY,2023-07-30,42.9,43.14,42.89,43.13
LLOY,2023-07-31,42.24,42.73,40.86,41.35
LLOY,2023-08-01,42.08,43.26,41.63,42.81
LLOY,2023-08-02,43.39,44.26,43.1,43.97
LLOY,2023-08-03,43.12,43.95,41.44,42.27
LLOY,2023-08-04,42.46,43.19,41.92,42.65
LLOY,2023-08-05,42.13,42.2,41.54,41.61
LLOY,2023-08-06,41.74,41.9,41.71,41.87
LLOY,2023-08-07,42.21,42.55,42.21,42.55
LLOY,2023-08-08,42.28,43.07,41.22,42.01
LLOY,2023-08-09,42.05,43.03,41.11,42.09
LLOY,2023-08-10,42.57,43.58,42.04,43.05
LLOY,2023-08-11,42.55,42.69,41.91,42.05
LLOY,2023-08-12,41.09,41.26,39.96,40.13
LLOY,2023-08-13,39.47,39.79,38.49,38.81
LLOY,2023-08-14,39.02,39.58,38.67,39.23
LLOY,2023-08-15,40.05,41.01,39.91,40.87
LLOY,2023-08-16,40.83,41.72,39.9,40.79
LLOY,2023-08-17,41.64,43.2,40.93,42.49
LLOY,2023-08-18,42.89,43.61,42.57,43.29
LLOY,2023-08-19,44.29,45.4,44.18,45.29
LLOY,2023-08-20,46.09,47.27,45.71,46.89
LLOY,2023-08-21,47.39,48.76,46.52,47.89
LLOY,2023-08-22,48.49,49.59,47.99,49.09
LLOY,2023-08-23,48.32,48.77,47.1,47.55
LLOY,2023-08-24,47.93,48.64,47.6,48.31
LLOY,2023-08-25,49.04,50.56,48.25,49.77
LLOY,2023-08-26,50.66,51.76,50.45,51.55
LLOY,2023-08-27,50.75,51.53,49.17,49.95
LLOY,2023-08-28,49.97,50.68,49.28,49.99
LLOY,2023-08-29,50.49,51.73,49.75,50.99
LLOY,2023-08-30,50.83,50.85,50.65,50.67
LLOY,2023-08-31,49.79,50.76,47.94,48.91
LLOY,2023-09-01,48.46,49.1,47.37,48.01
LLOY,2023-09-02,47.25,47.46,46.28,46.49
LLOY,2023-09-03,47.01,48.26,46.28,47.53
LLOY,2023-09-04,47.21,47.37,46.73,46.89
LLOY,2023-09-05,46.17,46.81,44.81,45.45
LLOY,2023-09-06,46.36,48.24,45.39,47.27
LLOY,2023-09-07,47.77,48.69,47.35,48.27
LLOY,2023-09-08,48.34,49.14,47.61,48.41
LLOY,2023-09-09,48.44,48.83,48.08,48.47
LLOY,2023-09-10,48.42,48.43,48.36,48.37
LLOY,2023-09-11,48.22,48.63,47.66,48.07
LLOY,2023-09-12,48.06,48.36,47.75,48.05
LLOY,2023-09-13,47.17,47.92,45.54,46.29
LLOY,2023-09-14,45.59,46.17,44.31,44.89
LLOY,2023-09-15,44.04,44.29,42.94,43.19
LLOY,2023-09-16,42.83,43.59,41.71,42.47
LLOY,2023-09-17,42.85,44.23,41.85,43.23
LLOY,2023-09-18,43.64,44.25,43.44,44.05
LLOY,2023-09-19,43.5,44.27,42.18,42.95
LLOY,2023-09-20,42.65,42.88,42.12,42.35
LLOY,2023-09-21,42.48,43.16,41.93,42.61
LLOY,2023-09-22,41.84,42.46,40.45,41.07
LLOY,2023-09-23,41.41,41.78,41.38,41.75
LLOY,2023-09-24,41.13,41.23,40.41,40.51
LLOY,2023-09-25,39.68,39.78,38.75,38.85
LLOY,2023-09-26,39.05,40.09,38.21,39.25
LLOY,2023-09-27,39.13,39.48,38.66,39.01
LLOY,2023-09-28,39.38,40.73,38.4,39.75
LLOY,2023-09-29,40.59,42.02,40,41.43
LLOY,2023-09-30,41.69,42.06,41.58,41.95
LLOY,2023-10-01,42.59,43.53,42.29,43.23
LLOY,2023-10-02,44.09,45.71,43.33,44.95
LLOY,2023-10-03,45.91,47.07,45.71,46.87
LLOY,2023-10-04,47.73,49.53,46.79,48.59
LLOY,2023-10-05,48.28,48.97,47.28,47.97
LLOY,2023-10-06,47.53,48.1,46.52,47.09
LLOY,2023-10-07,46.93,47.31,46.39,46.77
LLOY,2023-10-08,46.72,46.8,46.59,46.67
LLOY,2023-10-09,47.27,48.45,46.69,47.87
LLOY,2023-10-10,47.52,48.31,46.38,47.17
LLOY,2023-10-11,47.48,48.61,46.66,47.79
LLOY,2023-10-12,47.76,48.29,47.2,47.73
LLOY,2023-10-13,47.18,47.49,46.32,46.63
LLOY,2023-10-14,47.46,48.34,47.41,48.29
LLOY,2023-10-15,47.97,48.43,47.19,47.65
LLOY,2023-10-16,47.51,48.07,46.81,47.37
LLOY,2023-10-17,48.18,49.41,47.76,48.99
LLOY,2023-10-18,48.29,48.51,47.37,47.59
LLOY,2023-10-19,47.37,47.87,46.65,47.15
LLOY,2023-10-20,46.23,46.89,44.65,45.31
LLOY,2023-10-21,45.04,45.78,44.03,44.77
LLOY,2023-10-22,44.53,44.97,43.85,44.29
LLOY,2023-10-23,45.22,46.52,44.85,46.15
LLOY,2023-10-24,45.71,46.29,44.69,45.27
LLOY,2023-10-25,45.07,45.4,44.54,44.87
LLOY,2023-10-26,44.26,44.33,43.58,43.65
LLOY,2023-10-27,43.59,44.35,42.77,43.53
LLOY,2023-10-28,43.29,43.63,42.71,43.05
LLOY,2023-10-29,42.14,42.65,40.72,41.23
LLOY,2023-10-30,41.12,41.88,40.25,41.01
LLOY,2023-10-31,41.15,41.92,40.52,41.29
LLOY,2023-11-01,41.91,42.71,41.73,42.53
LLOY,2023-11-02,42.69,43.7,41.84,42.85
LLOY,2023-11-03,42.31,42.7,41.38,41.77
LLOY,2023-11-04,41.12,41.27,40.32,40.47
LLOY,2023-11-05,40.05,40.67,39.01,39.63
LLOY,2023-11-06,39.71,39.95,39.55,39.79
LLOY,2023-11-07,40.58,41.44,40.51,41.37
LLOY,2023-11-08,41.25,42.02,40.36,41.13
LLOY,2023-11-09,41.71,42.68,41.32,42.29
LLOY,2023-11-10,42.72,43.67,42.2,43.15
LLOY,2023-11-11,42.23,42.42,41.12,41.31
LLOY,2023-11-12,41.88,42.63,41.7,42.45
LLOY,2023-11-13,42.53,43.12,42.02,42.61
LLOY,2023-11-14,41.89,42.11,40.95,41.17
LLOY,2023-11-15,41.2,41.61,40.82,41.23
LLOY,2023-11-16,41.95,42.99,41.63,42.67
LLOY,2023-11-17,41.69,41.93,40.47,40.71
LLOY,2023-11-18,39.9,40.75,38.24,39.09
LLOY,2023-11-19,38.91,39.42,38.22,38.73
LLOY,2023-11-20,38.89,39.44,38.5,39.05
LLOY,2023-11-21,39.9,40.81,39.84,40.75
LLOY,2023-11-22,39.99,40.21,39.01,39.23
LLOY,2023-11-23,38.51,39.23,37.79,38.51
LLOY,2023-11-24,38.51,39.34,37.68,38.51
LLOY,2023-11-25,38.51,39.26,37.76,38.51
LLOY,2023-11-26,39.5,40.89,39.1,40.49
LLOY,2023-11-27,39.73,40.11,38.59,38.97
LLOY,2023-11-28,39.66,40.67,39.34,40.35
LLOY,2023-11-29,39.78,40.08,38.91,39.21
LLOY,2023-11-30,39.74,40.96,39.05,40.27
LLOY,2023-12-01,40.03,40.16,39.66,39.79
LLOY,2023-12-02,39.7,40.51,38.8,39.61
LLOY,2023-12-03,39.19,40.16,37.8,38.77
LLOY,2023-12-04,39.18,40.26,38.51,39.59
LLOY,2023-12-05,40.49,42.23,39.65,41.39
LLOY,2023-12-06,42.1,43.3,41.61,42.81
LLOY,2023-12-07,42.2,42.45,41.34,41.59
LLOY,2023-12-08,41.29,41.45,40.83,40.99
LLOY,2023-12-09,40.36,41,39.09,39.73
LLOY,2023-12-10,39.13,39.93,37.73,38.53
LLOY,2023-12-11,39.35,41.08,38.44,40.17
LLOY,2023-12-12,40.16,40.38,39.93,40.15
LLOY,2023-12-13,40.52,41.8,39.61,40.89
LLOY,2023-12-14,41.69,42.92,41.26,42.49
LLOY,2023-12-15,42.79,44.04,41.84,43.09
LLOY,2023-12-16,42.42,42.58,41.59,41.75
LLOY,2023-12-17,41.32,41.6,40.61,40.89
LLOY,2023-12-18,41.12,41.68,40.79,41.35
LLOY,2023-12-19,42.14,43.55,41.52,42.93
LLOY,2023-12-20,43.23,44.09,42.67,43.53
LLOY,2023-12-21,42.72,43.35,41.28,41.91
LLOY,2023-12-22,41.42,42.1,40.25,40.93
LLOY,2023-12-23,40.65,41.08,39.94,40.37
LLOY,2023-12-24,40.34,40.57,40.08,40.31
LLOY,2023-12-25,40.23,40.32,40.06,40.15
LLOY,2023-12-26,41.11,43,40.18,42.07
LLOY,2023-12-27,41.11,41.24,40.02,40.15
LLOY,2023-12-28,40.06,40.29,39.74,39.97
LLOY,2023-12-29,40.92,41.9,40.89,41.87
LLOY,2023-12-30,41.28,42.05,39.92,40.69
LLOY,2023-12-31,39.89,40.61,38.37,39.09
BP,2023-01-01,480.16,490.1,467.03,476.97
BP,2023-01-02,468.22,477.29,450.4,459.47
BP,2023-01-03,450.02,453.31,437.28,440.57
BP,2023-01-04,439.74,448.64,430.01,438.91
BP,2023-01-05,441.82,452.98,433.57,444.73
BP,2023-01-06,441.46,446.39,433.26,438.19
BP,2023-01-07,435.76,437.15,431.94,433.33
BP,2023-01-08,435.48,446.76,426.35,437.63
BP,2023-01-09,447.41,458.51,446.09,457.19
BP,2023-01-10,447.39,455.37,429.61,437.59
BP,2023-01-11,433.94,437.58,426.65,430.29
BP,2023-01-12,432.51,442.23,425.01,434.73
BP,2023-01-13,440.37,452.05,434.33,446.01
BP,2023-01-14,442.12,450.36,429.99,438.23
BP,2023-01-15,445.81,456.59,442.61,453.39
BP,2023-01-16,449.72,450.02,445.75,446.05
BP,2023-01-17,449.73,455.26,447.88,453.41
BP,2023-01-18,457.31,469.48,449.04,461.21
BP,2023-01-19,458.19,463.92,449.44,455.17
BP,2023-01-20,461.59,474.32,455.28,468.01
BP,2023-01-21,470.11,472.85,469.47,472.21
BP,2023-01-22,480.25,491.38,477.16,488.29
BP,2023-01-23,483.53,492.93,469.37,478.77
BP,2023-01-24,478.24,485.07,470.88,477.71
BP,2023-01-25,481.83,492.79,474.99,485.95
BP,2023-01-26,493.93,502.16,493.68,501.91
BP,2023-01-27,499.97,504.83,493.17,498.03
BP,2023-01-28,505.44,518.49,499.8,512.85
BP,2023-01-29,510.78,518.14,501.35,508.71
BP,2023-01-30,516.88,534.84,507.09,525.05
BP,2023-01-31,531.21,542.66,525.92,537.37
BP,2023-02-01,544.58,560.82,535.55,551.79
BP,2023-02-02,548.53,550.15,543.65,545.27
BP,2023-02-03,543.33,547.57,537.15,541.39
BP,2023-02-04,546.61,558.18,540.26,551.83
BP,2023-02-05,552.64,559.25,546.84,553.45
BP,2023-02-06,552.19,553.71,549.41,550.93
BP,2023-02-07,543.04,551.68,526.51,535.15
BP,2023-02-08,541.12,553.29,534.92,547.09
BP,2023-02-09,542.26,549.49,530.2,537.43
BP,2023-02-10,544.58,553.21,543.1,551.73
BP,2023-02-11,561.49,571.11,560.95,570.57
BP,2023-02-12,570.57,576.07,565.07,570.57
BP,2023-02-13,570.57,577.68,563.46,570.57
BP,2023-02-14,560.73,569.15,542.47,550.89
BP,2023-02-15,546.37,556.34,531.88,541.85
BP,2023-02-16,542.14,549.86,534.71,542.43
BP,2023-02-17,541.4,543.13,538.64,540.37
BP,2023-02-18,541.35,544.08,539.6,542.33
BP,2023-02-19,541.05,550.53,530.29,539.77
BP,2023-02-20,540.05,547.97,532.41,540.33
BP,2023-02-21,547.65,564.84,537.78,554.97
BP,2023-02-22,552.79,556.17,547.23,550.61
BP,2023-02-23,544.53,548.62,534.36,538.45
BP,2023-02-24,533.21,537.51,523.67,527.97
BP,2023-02-25,522.21,525.05,513.61,516.45
BP,2023-02-26,520.32,531.92,512.59,524.19
BP,2023-02-27,524.74,526.64,523.39,525.29
BP,2023-02-28,524.72,532.79,516.08,524.15
BP,2023-03-01,515.84,520.25,503.12,507.53
BP,2023-03-02,514.86,523.9,513.15,522.19
BP,2023-03-03,525.24,529.59,523.94,528.29
BP,2023-03-04,523.29,525.41,516.17,518.29
BP,2023-03-05,514.9,515.77,510.64,511.51
BP,2023-03-06,512.93,519.09,508.19,514.35
BP,2023-03-07,505.23,511.71,489.63,496.11
BP,2023-03-08,503.27,512.53,501.17,510.43
BP,2023-03-09,501.39,502.41,491.33,492.35
BP,2023-03-10,496.69,509.76,487.96,501.03
BP,2023-03-11,499.53,501.46,496.1,498.03
BP,2023-03-12,504.66,517.49,498.46,511.29
BP,2023-03-13,512.99,520.84,506.84,514.69
BP,2023-03-14,513.97,522.06,505.16,513.25
BP,2023-03-15,518.59,529.11,513.41,523.93
BP,2023-03-16,533.02,547.17,527.96,542.11
BP,2023-03-17,542.88,543.69,542.84,543.65
BP,2023-03-18,538.1,547.84,522.81,532.55
BP,2023-03-19,528.43,534.71,518.03,524.31
BP,2023-03-20,519.58,521.43,513,514.85
BP,2023-03-21,519.98,534.09,511,525.11
BP,2023-03-22,528.16,534.31,525.06,531.21
BP,2023-03-23,530.76,538.52,522.55,530.31
BP,2023-03-24,521.17,523.41,509.79,512.03
BP,2023-03-25,508.76,510.52,503.73,505.49
BP,2023-03-26,508.79,512.16,508.72,512.09
BP,2023-03-27,502.91,507.57,489.07,493.73
BP,2023-03-28,500.29,511.24,495.9,506.85
BP,2023-03-29,509.38,521.58,499.71,511.91
BP,2023-03-30,510.29,515.36,503.6,508.67
BP,2023-03-31,517.81,531.47,513.29,526.95
BP,2023-04-01,525.02,533.99,514.12,523.09
BP,2023-04-02,517.57,524.07,505.55,512.05
BP,2023-04-03,508.55,513.56,500.04,505.05
BP,2023-04-04,504,511.39,495.56,502.95
BP,2023-04-05,509.06,524.3,499.93,515.17
BP,2023-04-06,524.7,542.76,516.17,534.23
BP,2023-04-07,525.11,534.42,506.68,515.99
BP,2023-04-08,525.71,541.23,519.91,535.43
BP,2023-04-09,531.8,532.35,527.62,528.17
BP,2023-04-10,537.8,552,533.23,547.43
BP,2023-04-11,547.13,557.02,536.94,546.83
BP,2023-04-12,542.73,547.51,533.85,538.63
BP,2023-04-13,538.18,539.57,536.34,537.73
BP,2023-04-14,539.47,547.1,533.58,541.21
BP,2023-04-15,547.38,554.7,546.23,553.55
BP,2023-04-16,550.49,552.37,545.55,547.43
BP,2023-04-17,538.8,541.11,527.86,530.17
BP,2023-04-18,527.99,534.28,519.52,525.81
BP,2023-04-19,524.31,524.32,522.8,522.81
BP,2023-04-20,520.1,527.25,510.24,517.39
BP,2023-04-21,509.9,516.37,495.94,502.41
BP,2023-04-22,497.22,499.27,489.98,492.03
BP,2023-04-23,501.92,517.7,496.03,511.81
BP,2023-04-24,518.21,527.71,515.11,524.61
BP,2023-04-25,533.3,551.53,523.76,541.99
BP,2023-04-26,536.65,538.61,529.35,531.31
BP,2023-04-27,529.85,530.55,527.69,528.39
BP,2023-04-28,527.12,531.92,521.05,525.85
BP,2023-04-29,516.46,526.14,497.39,507.07
BP,2023-04-30,511.41,523.07,504.09,515.75
BP,2023-05-01,523.41,539.92,514.56,531.07
BP,2023-05-02,524.81,534.57,508.79,518.55
BP,2023-05-03,512.53,520.1,498.94,506.51
BP,2023-05-04,502.29,504.2,496.16,498.07
BP,2023-05-05,503.51,516.2,496.26,508.95
BP,2023-05-06,504.82,512.87,492.64,500.69
BP,2023-05-07,500.17,506.52,493.3,499.65
BP,2023-05-08,505.61,513.59,503.59,511.57
BP,2023-05-09,516.67,527.1,511.34,521.77
BP,2023-05-10,516.35,518.53,508.75,510.93
BP,2023-05-11,503.77,505.47,494.91,496.61
BP,2023-05-12,493.43,499.86,483.82,490.25
BP,2023-05-13,495.07,504.88,490.08,499.89
BP,2023-05-14,504.21,515.73,497.01,508.53
BP,2023-05-15,513.27,519.79,511.49,518.01
BP,2023-05-16,513.32,519.77,502.18,508.63
BP,2023-05-17,516.46,524.94,515.81,524.29
BP,2023-05-18,528.84,534.05,528.18,533.39
BP,2023-05-19,524.29,531.54,507.94,515.19
BP,2023-05-20,508.57,514.43,496.09,501.95
BP,2023-05-21,504.27,515.82,495.04,506.59
BP,2023-05-22,506.3,508.89,503.42,506.01
BP,2023-05-23,498.03,499.31,488.77,490.05
BP,2023-05-24,498.05,506.99,497.11,506.05
BP,2023-05-25,507.54,509.16,507.41,509.03
BP,2023-05-26,508.29,513.81,502.03,507.55
BP,2023-05-27,501.35,510.88,485.62,495.15
BP,2023-05-28,496.25,497.84,495.76,497.35
BP,2023-05-29,500.9,509.72,495.63,504.45
BP,2023-05-30,502.11,506.62,495.26,499.77
BP,2023-05-31,506.71,513.82,506.54,513.65
BP,2023-06-01,513.31,519.1,507.18,512.97
BP,2023-06-02,504.67,513.74,487.3,496.37
BP,2023-06-03,490.73,497.81,478.01,485.09
BP,2023-06-04,492.23,503.23,488.37,499.37
BP,2023-06-05,494.98,495.62,489.95,490.59
BP,2023-06-06,484.73,493.17,470.43,478.87
BP,2023-06-07,472.67,475.94,463.2,466.47
BP,2023-06-08,461.59,465.35,452.95,456.71
BP,2023-06-09,462.62,469.85,461.3,468.53
BP,2023-06-10,472.61,479.48,469.82,476.69
BP,2023-06-11,482.14,493.22,476.51,487.59
BP,2023-06-12,484.16,489.7,475.19,480.73
BP,2023-06-13,473.25,479.87,459.15,465.77
BP,2023-06-14,465.49,469.53,461.17,465.21
BP,2023-06-15,468.97,481.93,459.77,472.73
BP,2023-06-16,474.93,484.49,467.57,477.13
BP,2023-06-17,479.51,489.72,471.68,481.89
BP,2023-06-18,486.15,497.01,479.55,490.41
BP,2023-06-19,498.58,508.26,497.07,506.75
BP,2023-06-20,514.45,532.04,504.56,522.15
BP,2023-06-21,529.61,545.82,520.86,537.07
BP,2023-06-22,542.97,556.26,535.58,548.87
BP,2023-06-23,552.02,557.77,549.42,555.17
BP,2023-06-24,548.96,555.25,536.46,542.75
BP,2023-06-25,547.45,557.8,541.8,552.15
BP,2023-06-26,550.01,555.82,542.06,547.87
BP,2023-06-27,546.01,551.02,539.14,544.15
BP,2023-06-28,550.31,558.69,548.09,556.47
BP,2023-06-29,552.53,559.86,541.26,548.59
BP,2023-06-30,546.92,550.71,541.46,545.25
BP,2023-07-01,552.86,564.25,549.08,560.47
BP,2023-07-02,556,561.85,545.68,551.53
BP,2023-07-03,560.02,573.59,554.94,568.51
BP,2023-07-04,559.02,564.76,543.79,549.53
BP,2023-07-05,540.52,546.98,525.05,531.51
BP,2023-07-06,529.09,536.94,518.82,526.67
BP,2023-07-07,520.61,523.3,511.86,514.55
BP,2023-07-08,517.16,528.34,508.59,519.77
BP,2023-07-09,512.52,515.59,502.2,505.27
BP,2023-07-10,498.3,499.67,489.96,491.33
BP,2023-07-11,500.7,516.51,494.26,510.07
BP,2023-07-12,517.9,527.43,516.2,525.73
BP,2023-07-13,528.07,536.57,521.91,530.41
BP,2023-07-14,537.98,547.63,535.9,545.55
BP,2023-07-15,542.28,547.4,533.89,539.01
BP,2023-07-16,543.39,554.8,536.36,547.77
BP,2023-07-17,541.98,542.74,535.43,536.19
BP,2023-07-18,528.11,536.25,511.89,520.03
BP,2023-07-19,523.01,526.02,522.98,525.99
BP,2023-07-20,521.44,530.44,507.89,516.89
BP,2023-07-21,524.7,536.93,520.28,532.51
BP,2023-07-22,534.28,536.28,534.05,536.05
BP,2023-07-23,536.11,541.13,531.15,536.17
BP,2023-07-24,545.42,559.16,540.93,554.67
BP,2023-07-25,562.28,577.07,555.1,569.89
BP,2023-07-26,567.72,569.21,564.06,565.55
BP,2023-07-27,570.48,576.75,564.3,570.57
BP,2023-07-28,569.56,572.5,565.61,568.55
BP,2023-07-29,570.57,572.14,569,570.57
BP,2023-07-30,570.57,578.18,562.96,570.57
BP,2023-07-31,570.11,572.61,567.15,569.65
BP,2023-08-01,570.57,576.83,564.31,570.57
BP,2023-08-02,570.57,573.2,567.94,570.57
BP,2023-08-03,566.95,573.68,556.6,563.33
BP,2023-08-04,554.17,559.36,539.82,545.01
BP,2023-08-05,549.09,562.03,540.23,553.17
BP,2023-08-06,556.81,568.36,548.9,560.45
BP,2023-08-07,565.73,580.1,556.2,570.57
BP,2023-08-08,561.37,569.43,544.11,552.17
BP,2023-08-09,543.01,550.66,526.2,533.85
BP,2023-08-10,526.56,534,511.83,519.27
BP,2023-08-11,512.47,521.64,496.5,505.67
BP,2023-08-12,502.02,509.4,490.99,498.37
BP,2023-08-13,494.72,496.77,489.02,491.07
BP,2023-08-14,496.31,505.3,492.56,501.55
BP,2023-08-15,507.39,514.54,506.08,513.23
BP,2023-08-16,522.7,534.12,520.75,532.17
BP,2023-08-17,530.97,534.94,525.8,529.77
BP,2023-08-18,525.45,527.35,519.23,521.13
BP,2023-08-19,515.04,519.16,504.83,508.95
BP,2023-08-20,506.04,509.1,500.07,503.13
BP,2023-08-21,504.54,513.78,496.71,505.95
BP,2023-08-22,509.42,522.3,500.01,512.89
BP,2023-08-23,505.99,514.25,490.83,499.09
BP,2023-08-24,490.26,494.75,476.94,481.43
BP,2023-08-25,473.8,474.34,465.63,466.17
BP,2023-08-26,459.25,465.58,446,452.33
BP,2023-08-27,456.46,467.48,449.57,460.59
BP,2023-08-28,469.25,480.44,466.72,477.91
BP,2023-08-29,482.8,489.21,481.28,487.69
BP,2023-08-30,481.64,486.84,470.39,475.59
BP,2023-08-31,468.29,473.97,455.31,460.99
BP,2023-09-01,452.52,458.5,438.07,444.05
BP,2023-09-02,441.22,443.89,435.72,438.39
BP,2023-09-03,438.93,440.52,437.88,439.47
BP,2023-09-04,448.97,461.27,446.17,458.47
BP,2023-09-05,465.18,478.01,459.06,471.89
BP,2023-09-06,464.31,472.73,448.31,456.73
BP,2023-09-07,449.04,450.47,439.92,441.35
BP,2023-09-08,431.6,440.51,412.94,421.85
BP,2023-09-09,428.02,440.94,421.27,434.19
BP,2023-09-10,433.03,438.7,426.2,431.87
BP,2023-09-11,425.56,431.93,414.73,421.1
BP,2023-09-12,421.1,428.26,413.94,421.1
BP,2023-09-13,427.95,438.94,423.81,434.8
BP,2023-09-14,444.43,457.91,440.58,454.06
BP,2023-09-15,448.22,456.64,433.96,442.38
BP,2023-09-16,433.75,436.98,421.89,425.12
BP,2023-09-17,421.1,428.2,414,421.1
BP,2023-09-18,424.09,431.94,419.23,427.08
BP,2023-09-19,435.24,446,432.64,443.4
BP,2023-09-20,451.56,465.01,446.27,459.72
BP,2023-09-21,464.43,476.04,457.53,469.14
BP,2023-09-22,471.27,476.52,468.15,473.4
BP,2023-09-23,468.54,475.01,457.21,463.68
BP,2023-09-24,465.38,471.06,461.4,467.08
BP,2023-09-25,467.87,476,460.53,468.66
BP,2023-09-26,463.91,469.45,453.62,459.16
BP,2023-09-27,458.72,458.78,458.22,458.28
BP,2023-09-28,450.98,453.46,441.2,443.68
BP,2023-09-29,439.6,444.31,430.81,435.52
BP,2023-09-30,431.07,432.61,425.08,426.62
BP,2023-10-01,421.1,427,415.2,421.1
BP,2023-10-02,427.96,441.28,421.5,434.82
BP,2023-10-03,426.85,434.64,413.31,421.1
BP,2023-10-04,422.35,426.63,419.32,423.6
BP,2023-10-05,427.13,439.7,418.09,430.66
BP,2023-10-06,425.55,429.62,417.03,421.1
BP,2023-10-07,421.1,428.98,413.22,421.1
BP,2023-10-08,421.1,425.53,416.67,421.1
BP,2023-10-09,421.1,428.12,414.08,421.1
BP,2023-10-10,421.1,427.08,415.12,421.1
BP,2023-10-11,421.15,429.96,412.39,421.2
BP,2023-10-12,427.8,437.04,425.16,434.4
BP,2023-10-13,430.09,439.97,415.9,425.78
BP,2023-10-14,426.12,431.81,420.77,426.46
BP,2023-10-15,427.32,434.9,420.6,428.18
BP,2023-10-16,435.85,450.61,428.76,443.52
BP,2023-10-17,452.62,461.87,452.47,461.72
BP,2023-10-18,465.89,477.92,458.03,470.06
BP,2023-10-19,470.54,471.58,469.98,471.02
BP,2023-10-20,467.96,477.65,455.21,464.9
BP,2023-10-21,456.56,459.44,445.34,448.22
BP,2023-10-22,442.9,444.55,435.93,437.58
BP,2023-10-23,443.43,450.84,441.87,449.28
BP,2023-10-24,446.9,451.75,439.67,444.52
BP,2023-10-25,447.35,455.78,441.75,450.18
BP,2023-10-26,457.75,472.72,450.35,465.32
BP,2023-10-27,474.26,486.71,470.75,483.2
BP,2023-10-28,481.1,490.58,469.52,479
BP,2023-10-29,486.07,501.49,477.72,493.14
BP,2023-10-30,496.68,508.49,488.41,500.22
BP,2023-10-31,506.91,516.3,504.21,513.6
BP,2023-11-01,504.58,507.58,492.56,495.56
BP,2023-11-02,489.38,493.05,479.53,483.2
BP,2023-11-03,491.49,509.71,481.56,499.78
BP,2023-11-04,500.83,509.8,492.91,501.88
BP,2023-11-05,496.96,504.29,484.71,492.04
BP,2023-11-06,489.58,496.19,480.51,487.12
BP,2023-11-07,479.66,480.19,471.67,472.2
BP,2023-11-08,471.19,471.64,469.73,470.18
BP,2023-11-09,463.58,470.46,450.1,456.98
BP,2023-11-10,454.66,459.35,447.65,452.34
BP,2023-11-11,444.31,445.06,435.53,436.28
BP,2023-11-12,428.73,432.82,417.09,421.18
BP,2023-11-13,421.1,429.66,412.54,421.1
BP,2023-11-14,421.1,429.06,413.14,421.1
BP,2023-11-15,428.41,439.46,424.67,435.72
BP,2023-11-16,434.11,439.24,427.37,432.5
BP,2023-11-17,422.99,424.77,419.32,421.1
BP,2023-11-18,421.1,430.06,412.14,421.1
BP,2023-11-19,425.33,434.73,420.16,429.56
BP,2023-11-20,428.32,430.67,424.73,427.08
BP,2023-11-21,427.75,436.88,419.29,428.42
BP,2023-11-22,434.59,443.48,431.87,440.76
BP,2023-11-23,434.22,437.43,424.47,427.68
BP,2023-11-24,428.19,435.74,421.15,428.7
BP,2023-11-25,436.57,447.46,433.55,444.44
BP,2023-11-26,450.98,464.32,444.18,457.52
BP,2023-11-27,448.22,456.74,430.4,438.92
BP,2023-11-28,434.51,437.51,427.1,430.1
BP,2023-11-29,430.41,433.09,428.04,430.72
BP,2023-11-30,426.31,427.52,420.69,421.9
BP,2023-12-01,421.1,425.36,416.84,421.1
BP,2023-12-02,422.07,429.55,415.56,423.04
BP,2023-12-03,421.1,427.02,415.18,421.1
BP,2023-12-04,423.88,435.17,415.37,426.66
BP,2023-12-05,423.65,429.74,415.01,421.1
BP,2023-12-06,421.1,427.46,414.74,421.1
BP,2023-12-07,421.1,426.68,415.52,421.1
BP,2023-12-08,423.66,429.96,419.92,426.22
BP,2023-12-09,428.68,433.33,426.49,431.14
BP,2023-12-10,426.54,430.38,418.1,421.94
BP,2023-12-11,427.98,439.8,422.2,434.02
BP,2023-12-12,428.41,432.83,418.38,422.8
BP,2023-12-13,431.54,443.49,428.33,440.28
BP,2023-12-14,443.65,449.76,440.91,447.02
BP,2023-12-15,448.45,453.3,445.03,449.88
BP,2023-12-16,452.61,455.95,452,455.34
BP,2023-12-17,451.88,454.2,446.1,448.42
BP,2023-12-18,447.85,457.2,437.93,447.28
BP,2023-12-19,445.34,453.25,435.49,443.4
BP,2023-12-20,440.41,445.24,432.59,437.42
BP,2023-12-21,428.98,434.17,415.91,421.1
BP,2023-12-22,426.65,434.66,424.19,432.2
BP,2023-12-23,426.35,427.53,419.92,421.1
BP,2023-12-24,421.1,423.24,418.96,421.1
BP,2023-12-25,425.61,440.09,415.64,430.12
BP,2023-12-26,438.8,450.83,435.45,447.48
BP,2023-12-27,440.37,448.01,425.62,433.26
BP,2023-12-28,439.51,445.82,439.45,445.76
BP,2023-12-29,436.85,444.18,420.61,427.94
BP,2023-12-30,428.71,435.29,422.9,429.48
BP,2023-12-31,431.97,438.66,427.77,434.46
VOD,2023-01-01,11.68,11.84,11.64,11.8
VOD,2023-01-02,11.66,11.75,11.43,11.52
VOD,2023-01-03,11.45,11.53,11.3,11.38
VOD,2023-01-04,11.31,11.33,11.22,11.24
VOD,2023-01-05,11.39,11.55,11.38,11.54
VOD,2023-01-06,11.54,11.61,11.47,11.54
VOD,2023-01-07,11.63,11.83,11.52,11.72
VOD,2023-01-08,11.83,12.05,11.72,11.94
VOD,2023-01-09,11.87,11.97,11.7,11.8
VOD,2023-01-10,11.81,11.89,11.74,11.82
VOD,2023-01-11,11.76,11.77,11.69,11.7
VOD,2023-01-12,11.63,11.71,11.48,11.56
VOD,2023-01-13,11.61,11.76,11.51,11.66
VOD,2023-01-14,11.78,11.99,11.69,11.9
VOD,2023-01-15,11.88,12.03,11.71,11.86
VOD,2023-01-16,11.97,12.13,11.92,12.08
VOD,2023-01-17,12.07,12.09,12.04,12.06
VOD,2023-01-18,12.11,12.19,12.08,12.16
VOD,2023-01-19,12.01,12.03,11.84,11.86
VOD,2023-01-20,11.81,11.95,11.62,11.76
VOD,2023-01-21,11.64,11.69,11.47,11.52
VOD,2023-01-22,11.39,11.52,11.13,11.26
VOD,2023-01-23,11.15,11.2,10.99,11.04
VOD,2023-01-24,11.06,11.17,10.97,11.08
VOD,2023-01-25,11.02,11.14,10.84,10.96
VOD,2023-01-26,11.01,11.11,10.96,11.06
VOD,2023-01-27,10.96,11.06,10.76,10.86
VOD,2023-01-28,10.93,11.11,10.82,11
VOD,2023-01-29,10.86,10.9,10.68,10.72
VOD,2023-01-30,10.64,10.76,10.44,10.56
VOD,2023-01-31,10.61,10.76,10.51,10.66
VOD,2023-02-01,10.58,10.59,10.49,10.5
VOD,2023-02-02,10.52,10.64,10.42,10.54
VOD,2023-02-03,10.64,10.82,10.56,10.74
VOD,2023-02-04,10.75,10.89,10.62,10.76
VOD,2023-02-05,10.83,10.97,10.76,10.9
VOD,2023-02-06,10.84,10.89,10.73,10.78
VOD,2023-02-07,10.84,10.9,10.84,10.9
VOD,2023-02-08,11,11.12,10.98,11.1
VOD,2023-02-09,10.99,11.03,10.84,10.88
VOD,2023-02-10,11.03,11.29,10.92,11.18
VOD,2023-02-11,11.16,11.18,11.12,11.14
VOD,2023-02-12,11.27,11.49,11.18,11.4
VOD,2023-02-13,11.43,11.58,11.31,11.46
VOD,2023-02-14,11.5,11.63,11.41,11.54
VOD,2023-02-15,11.62,11.85,11.47,11.7
VOD,2023-02-16,11.67,11.77,11.54,11.64
VOD,2023-02-17,11.66,11.79,11.55,11.68
VOD,2023-02-18,11.65,11.66,11.61,11.62
VOD,2023-02-19,11.7,11.9,11.58,11.78
VOD,2023-02-20,11.66,11.81,11.39,11.54
VOD,2023-02-21,11.59,11.66,11.57,11.64
VOD,2023-02-22,11.73,11.85,11.7,11.82
VOD,2023-02-23,11.88,11.98,11.84,11.94
VOD,2023-02-24,11.83,11.89,11.66,11.72
VOD,2023-02-25,11.82,11.93,11.81,11.92
VOD,2023-02-26,11.94,12.05,11.85,11.96
VOD,2023-02-27,11.84,11.85,11.71,11.72
VOD,2023-02-28,11.83,11.94,11.83,11.94
VOD,2023-03-01,11.84,11.84,11.74,11.74
VOD,2023-03-02,11.78,11.83,11.77,11.82
VOD,2023-03-03,11.9,12.03,11.85,11.98
VOD,2023-03-04,12.09,12.24,12.05,12.2
VOD,2023-03-05,12.1,12.2,11.9,12
VOD,2023-03-06,11.93,12.01,11.78,11.86
VOD,2023-03-07,11.93,12.06,11.87,12
VOD,2023-03-08,12.14,12.39,12.03,12.28
VOD,2023-03-09,12.26,12.26,12.24,12.24
VOD,2023-03-10,12.36,12.52,12.32,12.48
VOD,2023-03-11,12.41,12.53,12.22,12.34
VOD,2023-03-12,12.28,12.33,12.17,12.22
VOD,2023-03-13,12.33,12.47,12.3,12.44
VOD,2023-03-14,12.37,12.49,12.18,12.3
VOD,2023-03-15,12.43,12.62,12.37,12.56
VOD,2023-03-16,12.48,12.51,12.37,12.4
VOD,2023-03-17,12.46,12.62,12.36,12.52
VOD,2023-03-18,12.48,12.6,12.32,12.44
VOD,2023-03-19,12.44,12.46,12.42,12.44
VOD,2023-03-20,12.38,12.48,12.22,12.32
VOD,2023-03-21,12.25,12.27,12.16,12.18
VOD,2023-03-22,12.15,12.21,12.06,12.12
VOD,2023-03-23,12.26,12.47,12.19,12.4
VOD,2023-03-24,12.37,12.43,12.28,12.34
VOD,2023-03-25,12.26,12.33,12.11,12.18
VOD,2023-03-26,12.28,12.49,12.17,12.38
VOD,2023-03-27,12.44,12.64,12.3,12.5
VOD,2023-03-28,12.53,12.6,12.49,12.56
VOD,2023-03-29,12.58,12.74,12.44,12.6
VOD,2023-03-30,12.56,12.62,12.46,12.52
VOD,2023-03-31,12.42,12.46,12.28,12.32
VOD,2023-04-01,12.24,12.3,12.1,12.16
VOD,2023-04-02,12.12,12.27,11.93,12.08
VOD,2023-04-03,11.94,11.96,11.78,11.8
VOD,2023-04-04,11.7,11.8,11.5,11.6
VOD,2023-04-05,11.74,11.91,11.71,11.88
VOD,2023-04-06,11.76,11.8,11.6,11.64
VOD,2023-04-07,11.5,11.63,11.23,11.36
VOD,2023-04-08,11.44,11.57,11.39,11.52
VOD,2023-04-09,11.55,11.62,11.51,11.58
VOD,2023-04-10,11.54,11.65,11.39,11.5
VOD,2023-04-11,11.59,11.82,11.45,11.68
VOD,2023-04-12,11.59,11.72,11.37,11.5
VOD,2023-04-13,11.41,11.47,11.26,11.32
VOD,2023-04-14,11.2,11.28,11,11.08
VOD,2023-04-15,10.97,11.09,10.74,10.86
VOD,2023-04-16,10.72,10.74,10.56,10.58
VOD,2023-04-17,10.49,10.63,10.26,10.4
VOD,2023-04-18,10.4,10.43,10.37,10.4
VOD,2023-04-19,10.53,10.69,10.5,10.66
VOD,2023-04-20,10.53,10.55,10.38,10.4
VOD,2023-04-21,10.28,10.28,10.16,10.16
VOD,2023-04-22,10.29,10.47,10.24,10.42
VOD,2023-04-23,10.4,10.43,10.35,10.38
VOD,2023-04-24,10.32,10.35,10.23,10.26
VOD,2023-04-25,10.36,10.53,10.29,10.46
VOD,2023-04-26,10.33,10.48,10.05,10.2
VOD,2023-04-27,10.09,10.09,9.98,9.98
VOD,2023-04-28,9.85,9.98,9.59,9.72
VOD,2023-04-29,9.71,9.71,9.7,9.7
VOD,2023-04-30,9.79,9.91,9.76,9.88
VOD,2023-05-01,9.95,10.04,9.93,10.02
VOD,2023-05-02,10.12,10.23,10.11,10.22
VOD,2023-05-03,10.16,10.3,9.96,10.1
VOD,2023-05-04,10.04,10.13,9.89,9.98
VOD,2023-05-05,9.9,9.95,9.77,9.82
VOD,2023-05-06,9.8,9.91,9.67,9.78
VOD,2023-05-07,9.93,10.15,9.86,10.08
VOD,2023-05-08,9.93,10.03,9.68,9.78
VOD,2023-05-09,9.88,10.08,9.78,9.98
VOD,2023-05-10,10.1,10.26,10.06,10.22
VOD,2023-05-11,10.18,10.23,10.09,10.14
VOD,2023-05-12,10.15,10.24,10.07,10.16
VOD,2023-05-13,10.02,10.06,9.84,9.88
VOD,2023-05-14,9.88,9.91,9.85,9.88
VOD,2023-05-15,9.89,9.95,9.84,9.9
VOD,2023-05-16,10,10.14,9.96,10.1
VOD,2023-05-17,10.1,10.21,9.99,10.1
VOD,2023-05-18,10.18,10.31,10.13,10.26
VOD,2023-05-19,10.36,10.56,10.26,10.46
VOD,2023-05-20,10.32,10.37,10.13,10.18
VOD,2023-05-21,10.11,10.23,9.92,10.04
VOD,2023-05-22,10.04,10.16,9.92,10.04
VOD,2023-05-23,10.15,10.37,10.04,10.26
VOD,2023-05-24,10.28,10.37,10.21,10.3
VOD,2023-05-25,10.31,10.39,10.24,10.32
VOD,2023-05-26,10.4,10.61,10.27,10.48
VOD,2023-05-27,10.47,10.48,10.45,10.46
VOD,2023-05-28,10.34,10.43,10.13,10.22
VOD,2023-05-29,10.29,10.5,10.15,10.36
VOD,2023-05-30,10.44,10.53,10.43,10.52
VOD,2023-05-31,10.59,10.75,10.5,10.66
VOD,2023-06-01,10.66,10.8,10.52,10.66
VOD,2023-06-02,10.71,10.88,10.59,10.76
VOD,2023-06-03,10.64,10.69,10.47,10.52
VOD,2023-06-04,10.38,10.45,10.17,10.24
VOD,2023-06-05,10.38,10.64,10.26,10.52
VOD,2023-06-06,10.44,10.56,10.24,10.36
VOD,2023-06-07,10.38,10.49,10.29,10.4
VOD,2023-06-08,10.54,10.69,10.53,10.68
VOD,2023-06-09,10.8,10.92,10.8,10.92
VOD,2023-06-10,10.98,11.17,10.85,11.04
VOD,2023-06-11,10.93,10.96,10.79,10.82
VOD,2023-06-12,10.77,10.91,10.58,10.72
VOD,2023-06-13,10.86,11.07,10.79,11
VOD,2023-06-14,11.01,11.07,10.96,11.02
VOD,2023-06-15,10.91,11.03,10.68,10.8
VOD,2023-06-16,10.74,10.75,10.67,10.68
VOD,2023-06-17,10.55,10.61,10.36,10.42
VOD,2023-06-18,10.41,10.51,10.3,10.4
VOD,2023-06-19,10.28,10.3,10.14,10.16
VOD,2023-06-20,10.06,10.14,9.88,9.96
VOD,2023-06-21,9.91,9.94,9.83,9.86
VOD,2023-06-22,9.84,9.93,9.73,9.82
VOD,2023-06-23,9.92,10.06,9.88,10.02
VOD,2023-06-24,10.03,10.15,9.92,10.04
VOD,2023-06-25,9.96,10.04,9.8,9.88
VOD,2023-06-26,9.93,10.01,9.9,9.98
VOD,2023-06-27,9.92,10.01,9.77,9.86
VOD,2023-06-28,9.79,9.83,9.68,9.72
VOD,2023-06-29,9.69,9.75,9.6,9.66
VOD,2023-06-30,9.71,9.85,9.62,9.76
VOD,2023-07-01,9.87,10.07,9.78,9.98
VOD,2023-07-02,9.97,9.97,9.96,9.96
VOD,2023-07-03,10.03,10.25,9.88,10.1
VOD,2023-07-04,9.99,10.06,9.81,9.88
VOD,2023-07-05,9.73,9.75,9.56,9.58
VOD,2023-07-06,9.57,9.59,9.54,9.56
VOD,2023-07-07,9.53,9.63,9.4,9.5
VOD,2023-07-08,9.36,9.43,9.15,9.22
VOD,2023-07-09,9.24,9.29,9.21,9.26
VOD,2023-07-10,9.36,9.61,9.21,9.46
VOD,2023-07-11,9.55,9.68,9.51,9.64
VOD,2023-07-12,9.68,9.81,9.59,9.72
VOD,2023-07-13,9.72,9.75,9.69,9.72
VOD,2023-07-14,9.72,9.75,9.69,9.72
VOD,2023-07-15,9.76,9.89,9.67,9.8
VOD,2023-07-16,9.76,9.78,9.7,9.72
VOD,2023-07-17,9.62,9.72,9.42,9.52
VOD,2023-07-18,9.51,9.61,9.4,9.5
VOD,2023-07-19,9.58,9.8,9.44,9.66
VOD,2023-07-20,9.79,10,9.71,9.92
VOD,2023-07-21,9.79,9.86,9.59,9.66
VOD,2023-07-22,9.56,9.63,9.39,9.46
VOD,2023-07-23,9.42,9.51,9.29,9.38
VOD,2023-07-24,9.34,9.43,9.21,9.3
VOD,2023-07-25,9.45,9.68,9.37,9.6
VOD,2023-07-26,9.49,9.5,9.37,9.38
VOD,2023-07-27,9.49,9.67,9.42,9.6
VOD,2023-07-28,9.71,9.87,9.66,9.82
VOD,2023-07-29,9.96,10.15,9.91,10.1
VOD,2023-07-30,10.02,10.02,9.94,9.94
VOD,2023-07-31,10.06,10.23,10.01,10.18
VOD,2023-08-01,10.29,10.4,10.29,10.4
VOD,2023-08-02,10.34,10.39,10.23,10.28
VOD,2023-08-03,10.31,10.38,10.27,10.34
VOD,2023-08-04,10.31,10.38,10.21,10.28
VOD,2023-08-05,10.17,10.18,10.05,10.06
VOD,2023-08-06,10.07,10.14,10.01,10.08
VOD,2023-08-07,10.09,10.23,9.96,10.1
VOD,2023-08-08,10.11,10.15,10.08,10.12
VOD,2023-08-09,10.16,10.25,10.11,10.2
VOD,2023-08-10,10.17,10.26,10.05,10.14
VOD,2023-08-11,10.19,10.27,10.16,10.24
VOD,2023-08-12,10.29,10.4,10.23,10.34
VOD,2023-08-13,10.37,10.51,10.26,10.4
VOD,2023-08-14,10.55,10.73,10.52,10.7
VOD,2023-08-15,10.79,11.03,10.64,10.88
VOD,2023-08-16,10.88,11.01,10.75,10.88
VOD,2023-08-17,10.87,10.96,10.77,10.86
VOD,2023-08-18,10.87,11,10.75,10.88
VOD,2023-08-19,10.75,10.76,10.61,10.62
VOD,2023-08-20,10.75,11,10.63,10.88
VOD,2023-08-21,11.03,11.23,10.98,11.18
VOD,2023-08-22,11.22,11.3,11.18,11.26
VOD,2023-08-23,11.36,11.53,11.29,11.46
VOD,2023-08-24,11.35,11.46,11.13,11.24
VOD,2023-08-25,11.13,11.25,10.9,11.02
VOD,2023-08-26,10.88,10.97,10.65,10.74
VOD,2023-08-27,10.79,10.95,10.68,10.84
VOD,2023-08-28,10.84,10.88,10.8,10.84
VOD,2023-08-29,10.72,10.87,10.45,10.6
VOD,2023-08-30,10.68,10.77,10.67,10.76
VOD,2023-08-31,10.73,10.79,10.64,10.7
VOD,2023-09-01,10.75,10.86,10.69,10.8
VOD,2023-09-02,10.77,10.78,10.73,10.74
VOD,2023-09-03,10.63,10.69,10.46,10.52
VOD,2023-09-04,10.42,10.47,10.27,10.32
VOD,2023-09-05,10.35,10.43,10.3,10.38
VOD,2023-09-06,10.44,10.6,10.34,10.5
VOD,2023-09-07,10.55,10.64,10.51,10.6
VOD,2023-09-08,10.54,10.64,10.38,10.48
VOD,2023-09-09,10.46,10.52,10.38,10.44
VOD,2023-09-10,10.3,10.36,10.1,10.16
VOD,2023-09-11,10.05,10.16,9.83,9.94
VOD,2023-09-12,9.91,10.03,9.76,9.88
VOD,2023-09-13,9.89,9.96,9.83,9.9
VOD,2023-09-14,9.93,10.01,9.88,9.96
VOD,2023-09-15,9.98,10.03,9.95,10
VOD,2023-09-16,9.94,10,9.82,9.88
VOD,2023-09-17,9.92,10,9.88,9.96
VOD,2023-09-18,10.07,10.3,9.95,10.18
VOD,2023-09-19,10.12,10.16,10.02,10.06
VOD,2023-09-20,9.94,9.98,9.78,9.82
VOD,2023-09-21,9.86,9.92,9.84,9.9
VOD,2023-09-22,9.92,9.96,9.9,9.94
VOD,2023-09-23,10.04,10.23,9.95,10.14
VOD,2023-09-24,10.05,10.14,9.87,9.96
VOD,2023-09-25,10,10.11,9.93,10.04
VOD,2023-09-26,10.09,10.18,10.05,10.14
VOD,2023-09-27,10.27,10.45,10.22,10.4
VOD,2023-09-28,10.28,10.39,10.05,10.16
VOD,2023-09-29,10.04,10.04,9.92,9.92
VOD,2023-09-30,9.89,9.9,9.85,9.86
VOD,2023-10-01,9.91,10.09,9.78,9.96
VOD,2023-10-02,10.03,10.15,9.98,10.1
VOD,2023-10-03,10.15,10.29,10.06,10.2
VOD,2023-10-04,10.11,10.24,9.89,10.02
VOD,2023-10-05,9.96,10.06,9.8,9.9
VOD,2023-10-06,9.8,9.83,9.67,9.7
VOD,2023-10-07,9.63,9.71,9.48,9.56
VOD,2023-10-08,9.66,9.78,9.64,9.76
VOD,2023-10-09,9.73,9.82,9.61,9.7
VOD,2023-10-10,9.77,9.92,9.69,9.84
VOD,2023-10-11,9.7,9.73,9.53,9.56
VOD,2023-10-12,9.48,9.58,9.3,9.4
VOD,2023-10-13,9.46,9.62,9.36,9.52
VOD,2023-10-14,9.39,9.5,9.15,9.26
VOD,2023-10-15,9.23,9.28,9.15,9.2
VOD,2023-10-16,9.25,9.36,9.19,9.3
VOD,2023-10-17,9.23,9.27,9.12,9.16
VOD,2023-10-18,9.3,9.5,9.24,9.44
VOD,2023-10-19,9.3,9.42,9.04,9.16
VOD,2023-10-20,9.19,9.32,9.09,9.22
VOD,2023-10-21,9.19,9.33,9.02,9.16
VOD,2023-10-22,9.18,9.25,9.13,9.2
VOD,2023-10-23,9.29,9.5,9.17,9.38
VOD,2023-10-24,9.45,9.65,9.32,9.52
VOD,2023-10-25,9.55,9.65,9.48,9.58
VOD,2023-10-26,9.49,9.61,9.28,9.4
VOD,2023-10-27,9.51,9.75,9.38,9.62
VOD,2023-10-28,9.48,9.61,9.21,9.34
VOD,2023-10-29,9.4,9.6,9.26,9.46
VOD,2023-10-30,9.46,9.47,9.45,9.46
VOD,2023-10-31,9.52,9.67,9.43,9.58
VOD,2023-11-01,9.65,9.81,9.56,9.72
VOD,2023-11-02,9.77,9.92,9.67,9.82
VOD,2023-11-03,9.74,9.86,9.54,9.66
VOD,2023-11-04,9.79,10.07,9.64,9.92
VOD,2023-11-05,9.86,9.92,9.74,9.8
VOD,2023-11-06,9.9,10.03,9.87,10
VOD,2023-11-07,10.02,10.18,9.88,10.04
VOD,2023-11-08,10.02,10.05,9.97,10
VOD,2023-11-09,10,10.09,9.91,10
VOD,2023-11-10,10.07,10.21,10,10.14
VOD,2023-11-11,10.25,10.44,10.17,10.36
VOD,2023-11-12,10.33,10.43,10.2,10.3
VOD,2023-11-13,10.23,10.25,10.14,10.16
VOD,2023-11-14,10.05,10.11,9.88,9.94
VOD,2023-11-15,9.98,10.17,9.83,10.02
VOD,2023-11-16,9.95,9.97,9.86,9.88
VOD,2023-11-17,9.97,10.2,9.83,10.06
VOD,2023-11-18,9.94,9.99,9.77,9.82
VOD,2023-11-19,9.91,10.14,9.77,10
VOD,2023-11-20,10.04,10.15,9.97,10.08
VOD,2023-11-21,10.11,10.18,10.07,10.14
VOD,2023-11-22,10.25,10.49,10.12,10.36
VOD,2023-11-23,10.35,10.39,10.3,10.34
VOD,2023-11-24,10.32,10.46,10.16,10.3
VOD,2023-11-25,10.27,10.36,10.15,10.24
VOD,2023-11-26,10.1,10.22,9.84,9.96
VOD,2023-11-27,10.08,10.21,10.07,10.2
VOD,2023-11-28,10.31,10.56,10.17,10.42
VOD,2023-11-29,10.32,10.43,10.11,10.22
VOD,2023-11-30,10.16,10.2,10.06,10.1
VOD,2023-12-01,10.19,10.39,10.08,10.28
VOD,2023-12-02,10.22,10.24,10.14,10.16
VOD,2023-12-03,10.05,10.14,9.85,9.94
VOD,2023-12-04,10.03,10.19,9.96,10.12
VOD,2023-12-05,10.25,10.52,10.11,10.38
VOD,2023-12-06,10.35,10.43,10.24,10.32
VOD,2023-12-07,10.39,10.55,10.3,10.46
VOD,2023-12-08,10.53,10.61,10.52,10.6
VOD,2023-12-09,10.58,10.65,10.49,10.56
VOD,2023-12-10,10.43,10.47,10.26,10.3
VOD,2023-12-11,10.37,10.45,10.36,10.44
VOD,2023-12-12,10.5,10.68,10.38,10.56
VOD,2023-12-13,10.6,10.73,10.51,10.64
VOD,2023-12-14,10.64,10.76,10.52,10.64
VOD,2023-12-15,10.51,10.64,10.25,10.38
VOD,2023-12-16,10.37,10.5,10.23,10.36
VOD,2023-12-17,10.26,10.35,10.07,10.16
VOD,2023-12-18,10.04,10.17,9.79,9.92
VOD,2023-12-19,10.06,10.34,9.92,10.2
VOD,2023-12-20,10.06,10.12,9.86,9.92
VOD,2023-12-21,10.02,10.13,10.01,10.12
VOD,2023-12-22,10.11,10.16,10.05,10.1
VOD,2023-12-23,10.23,10.45,10.14,10.36
VOD,2023-12-24,10.42,10.49,10.41,10.48
VOD,2023-12-25,10.56,10.79,10.41,10.64
VOD,2023-12-26,10.67,10.76,10.61,10.7
VOD,2023-12-27,10.75,10.84,10.71,10.8
VOD,2023-12-28,10.66,10.77,10.41,10.52
VOD,2023-12-29,10.46,10.52,10.34,10.4
VOD,2023-12-30,10.43,10.55,10.34,10.46
VOD,2023-12-31,10.35,10.47,10.12,10.24
